y_train,nn_train,gb_train
1,0.50437164,0.4411764705882353
0,0.76022595,0.6164383561643836
0,0.041296147,0.0
0,0.32093284,0.11616161616161616
1,0.71566474,0.475
0,0.67607605,0.4411764705882353
0,0.31618246,0.11616161616161616
0,0.7067933,0.475
1,0.69238746,0.7241379310344828
0,0.02980846,0.0
0,0.3859374,0.17307692307692307
0,0.38921255,0.11616161616161616
1,0.31565297,0.11616161616161616
0,0.45351896,0.3274336283185841
0,0.059242282,0.0
0,0.43891713,0.17307692307692307
0,0.24477938,0.11616161616161616
0,0.8046988,0.6164383561643836
1,0.81146157,0.6164383561643836
1,0.6862532,0.6164383561643836
0,0.05047633,0.0
1,0.87803656,0.7241379310344828
0,0.25519395,0.05847953216374269
0,0.38305762,0.17307692307692307
0,0.565271,0.3274336283185841
0,0.32246822,0.11616161616161616
0,0.087251306,0.05847953216374269
1,0.9005223,0.875
0,0.1553153,0.05847953216374269
0,0.2962207,0.3274336283185841
0,0.6460592,0.3274336283185841
0,0.6618881,0.4782608695652174
0,0.41177812,0.11616161616161616
0,0.17443497,0.05847953216374269
0,0.7151058,0.4782608695652174
0,0.4464011,0.17307692307692307
1,0.3027683,0.11616161616161616
0,0.44709915,0.17307692307692307
0,0.7100173,0.4411764705882353
1,0.43062988,0.11616161616161616
0,0.2604602,0.05847953216374269
0,0.20374757,0.11616161616161616
0,0.5917859,0.17307692307692307
0,0.10822066,0.11616161616161616
1,0.87376726,0.7241379310344828
1,0.820372,0.6164383561643836
1,0.8545073,0.6164383561643836
0,0.17447534,0.05847953216374269
0,0.26269314,0.11616161616161616
1,0.46880162,0.3076923076923077
0,0.06972474,0.0
0,0.8570892,0.6164383561643836
0,0.7365842,0.5
0,0.16567387,0.05847953216374269
0,0.5947045,0.3274336283185841
0,0.22365618,0.05847953216374269
0,0.03215809,0.0
0,0.16046567,0.05847953216374269
0,0.06792488,0.0
0,0.46047872,0.3274336283185841
0,0.31508783,0.11616161616161616
0,0.068493314,0.0
0,0.2649711,0.11616161616161616
0,0.17885543,0.05847953216374269
0,0.04834948,0.0
1,0.7094691,0.4782608695652174
0,0.31990245,0.11616161616161616
0,0.5012332,0.2857142857142857
0,0.22991343,0.11616161616161616
1,0.5956015,0.3274336283185841
1,0.745502,0.8421052631578947
1,0.8588711,0.7241379310344828
1,0.82489234,0.6164383561643836
1,0.852491,0.7241379310344828
0,0.30700377,0.17307692307692307
0,0.30265105,0.11616161616161616
0,0.4278249,0.11616161616161616
1,0.881038,0.7241379310344828
1,0.34817725,0.3274336283185841
0,0.84574676,0.6164383561643836
1,0.56863785,0.475
1,0.5622595,0.4411764705882353
0,0.044796847,0.0
1,0.56934464,0.475
0,0.16840127,0.05847953216374269
1,0.35940668,0.17307692307692307
0,0.20798688,0.05847953216374269
0,0.04136147,0.0
0,0.5723444,0.3274336283185841
0,0.18297459,0.05847953216374269
0,0.4149992,0.11616161616161616
0,0.11840119,0.05847953216374269
1,0.08412464,0.0
0,0.5219916,0.4411764705882353
0,0.4727052,0.3274336283185841
0,0.2448136,0.11616161616161616
1,0.19240096,0.05847953216374269
0,0.2991917,0.11616161616161616
0,0.76528263,0.5
0,0.62141204,0.3274336283185841
0,0.54474473,0.4411764705882353
0,0.08539424,0.05847953216374269
0,0.6497948,0.3274336283185841
0,0.9003299,0.6164383561643836
1,0.2681683,0.11616161616161616
0,0.26618618,0.11616161616161616
1,0.7842559,0.475
0,0.14374244,0.05847953216374269
0,0.49619892,0.17307692307692307
0,0.19980414,0.0
1,0.50858676,0.4411764705882353
1,0.7735995,0.475
0,0.38929823,0.05847953216374269
0,0.23737575,0.11616161616161616
0,0.031529937,0.0
1,0.8195337,0.8421052631578947
0,0.7242687,0.4411764705882353
0,0.27180496,0.11616161616161616
1,0.848439,0.7241379310344828
1,0.22784339,0.2857142857142857
0,0.79675275,0.7241379310344828
0,0.06689868,0.0
0,0.12165861,0.0
0,0.5323507,0.17307692307692307
0,0.3577019,0.17307692307692307
0,0.8150548,0.8421052631578947
0,0.106312305,0.0
0,0.63466376,0.3274336283185841
0,0.719134,0.2857142857142857
0,0.22609462,0.05847953216374269
0,0.71828854,0.4411764705882353
0,0.38067287,0.11616161616161616
0,0.75018096,0.6164383561643836
0,0.39884257,0.17307692307692307
1,0.33146694,0.17307692307692307
0,0.05075164,0.0
1,0.36430484,0.17307692307692307
1,0.7708031,0.6164383561643836
0,0.0744834,0.0
0,0.0630645,0.0
0,0.12063987,0.05847953216374269
0,0.408434,0.17307692307692307
1,0.75495297,0.6164383561643836
0,0.25039127,0.11616161616161616
1,0.6835816,0.7241379310344828
0,0.4909141,0.3274336283185841
0,0.732598,0.4411764705882353
0,0.18705995,0.05847953216374269
0,0.65498996,0.4411764705882353
0,0.24335799,0.05847953216374269
0,0.39011955,0.11616161616161616
0,0.2279502,0.05847953216374269
0,0.15264171,0.11616161616161616
0,0.63047636,0.3274336283185841
0,0.2238659,0.05847953216374269
0,0.032886513,0.0
0,0.71642965,0.4411764705882353
0,0.28556558,0.11616161616161616
0,0.36875704,0.2857142857142857
0,0.16023046,0.0
0,0.044946015,0.0
0,0.33033207,0.11616161616161616
0,0.2005874,0.05847953216374269
1,0.87132,0.8421052631578947
1,0.8488414,0.7241379310344828
1,0.57279253,0.7241379310344828
0,0.22922048,0.11616161616161616
1,0.8294394,0.7241379310344828
0,0.24607728,0.11616161616161616
0,0.87293816,0.7241379310344828
0,0.19126758,0.0
0,0.76028633,0.4782608695652174
0,0.34992296,0.11616161616161616
0,0.38501605,0.11616161616161616
1,0.50585043,0.17307692307692307
0,0.028223032,0.0
1,0.80470055,0.6164383561643836
0,0.4235375,0.11616161616161616
0,0.39898217,0.11616161616161616
0,0.7907144,0.5
0,0.3306345,0.17307692307692307
0,0.84827924,0.7241379310344828
0,0.34197152,0.11616161616161616
1,0.87368584,0.8421052631578947
1,0.7965117,0.6164383561643836
1,0.5036418,0.17307692307692307
0,0.15320791,0.0
0,0.6710367,0.4411764705882353
1,0.719187,0.4411764705882353
1,0.5737681,0.2857142857142857
0,0.12804432,0.0
0,0.35201472,0.17307692307692307
0,0.29753137,0.11616161616161616
0,0.031186704,0.0
1,0.66943896,0.4411764705882353
0,0.14166753,0.05847953216374269
0,0.22102703,0.05847953216374269
0,0.1932616,0.05847953216374269
0,0.84362817,0.5
1,0.8153149,0.8421052631578947
1,0.6139554,0.3274336283185841
0,0.10778631,0.0
1,0.4344456,0.3076923076923077
1,0.32735372,0.11616161616161616
0,0.30781537,0.11616161616161616
0,0.16065812,0.05847953216374269
0,0.3945902,0.17307692307692307
0,0.78602695,0.4411764705882353
0,0.22331177,0.0
0,0.5531412,0.3274336283185841
0,0.1562564,0.0
0,0.2483146,0.11616161616161616
0,0.07531049,0.0
1,0.6517311,0.3274336283185841
0,0.78177226,0.11616161616161616
1,0.5936899,0.4782608695652174
1,0.82814586,0.7241379310344828
0,0.06686618,0.0
1,0.76666,0.6164383561643836
0,0.8083252,0.6164383561643836
0,0.031672604,0.0
1,0.6512455,0.475
0,0.29880443,0.17307692307692307
0,0.044368293,0.0
1,0.16435821,0.05847953216374269
0,0.25794658,0.11616161616161616
0,0.6907593,0.3274336283185841
0,0.34734195,0.11616161616161616
0,0.25388044,0.11616161616161616
1,0.46226278,0.17307692307692307
0,0.61992764,0.17307692307692307
1,0.78971535,0.8404863191536381
0,0.80266505,0.6164383561643836
1,0.8470979,0.7241379310344828
1,0.82311106,0.7241379310344828
0,0.25594157,0.05847953216374269
1,0.62653166,0.3274336283185841
0,0.20951588,0.0
1,0.8683685,0.8421052631578947
0,0.6060338,0.25850303982692496
1,0.88225,0.8421052631578947
0,0.16509551,0.05847953216374269
0,0.23769073,0.11616161616161616
0,0.59826624,0.3274336283185841
1,0.113867685,0.05847953216374269
0,0.60405266,0.3274336283185841
0,0.19128397,0.05847953216374269
0,0.14959039,0.05847953216374269
0,0.11523615,0.05847953216374269
0,0.4488611,0.3076923076923077
0,0.08997325,0.05847953216374269
0,0.71299815,0.4411764705882353
0,0.31456724,0.17307692307692307
0,0.44466382,0.11616161616161616
1,0.71499896,0.3274336283185841
0,0.14808403,0.05847953216374269
1,0.709242,0.6164383561643836
1,0.87375724,0.8421052631578947
1,0.35597578,0.17307692307692307
0,0.20514566,0.0
0,0.15899783,0.05847953216374269
0,0.73950577,0.5
1,0.29674166,0.17307692307692307
0,0.8512172,0.6164383561643836
0,0.16329212,0.0
0,0.25188616,0.11616161616161616
0,0.08237019,0.0
0,0.050568007,0.0
0,0.6373478,0.3274336283185841
0,0.82556057,0.17307692307692307
0,0.3522314,0.11616161616161616
0,0.068223186,0.0
0,0.09695193,0.0
0,0.70583975,0.4782608695652174
0,0.49376836,0.3274336283185841
0,0.19125636,0.05847953216374269
1,0.31270805,0.17307692307692307
0,0.1634392,0.05847953216374269
0,0.4525356,0.17307692307692307
1,0.6554096,0.4782608695652174
1,0.82485497,0.7241379310344828
0,0.19069076,0.05847953216374269
0,0.124163195,0.05847953216374269
0,0.07470312,0.0
0,0.72182167,0.4411764705882353
0,0.60710967,0.17307692307692307
0,0.15206611,0.0
0,0.644602,0.17307692307692307
0,0.2670603,0.11616161616161616
0,0.14968942,0.05847953216374269
0,0.28278717,0.11616161616161616
0,0.37240458,0.11616161616161616
0,0.48945066,0.17307692307692307
0,0.34204194,0.11616161616161616
1,0.5378549,0.3274336283185841
0,0.627494,0.3274336283185841
0,0.057814904,0.0
0,0.21437135,0.05847953216374269
0,0.19188917,0.05847953216374269
0,0.16732074,0.05847953216374269
0,0.11546803,0.0
0,0.3916922,0.17307692307692307
0,0.08198564,0.0
0,0.21707477,0.05847953216374269
0,0.102095045,0.0
0,0.51297337,0.3274336283185841
0,0.1771082,0.05847953216374269
0,0.42871293,0.2857142857142857
0,0.62742937,0.17307692307692307
0,0.3033431,0.17307692307692307
0,0.08731211,0.0
0,0.35250685,0.11616161616161616
0,0.23575488,0.11616161616161616
0,0.019416884,0.0
0,0.50231886,0.17307692307692307
0,0.59404624,0.3274336283185841
0,0.23146439,0.05847953216374269
0,0.24258606,0.05847953216374269
1,0.60256875,0.3274336283185841
0,0.3673066,0.11616161616161616
0,0.4998886,0.3274336283185841
0,0.6546334,0.3274336283185841
0,0.040234394,0.0
0,0.76207536,0.5
0,0.10515345,0.0
1,0.60200095,0.475
0,0.7888552,0.3274336283185841
0,0.35156092,0.11616161616161616
0,0.2796596,0.11616161616161616
0,0.6087155,0.4411764705882353
1,0.7187327,0.6164383561643836
0,0.35992855,0.17307692307692307
0,0.48066512,0.2857142857142857
0,0.0995408,0.05847953216374269
1,0.8463925,0.7241379310344828
0,0.3730186,0.17307692307692307
0,0.5580016,0.17307692307692307
0,0.17772964,0.05847953216374269
1,0.91667473,0.875
0,0.5374011,0.4411764705882353
0,0.49449307,0.2857142857142857
1,0.9282025,0.8467978109031634
0,0.17834821,0.05847953216374269
0,0.023077566,0.0
1,0.44209328,0.4411764705882353
0,0.111494474,0.05847953216374269
0,0.25392967,0.05847953216374269
0,0.31836742,0.17307692307692307
1,0.50875926,0.17307692307692307
0,0.36799234,0.11616161616161616
0,0.07371678,0.0
1,0.70163953,0.4782608695652174
0,0.56021035,0.3076923076923077
0,0.33665058,0.17307692307692307
0,0.09513335,0.0
1,0.6865597,0.6164383561643836
0,0.16442929,0.0
0,0.7397585,0.4411764705882353
0,0.49163148,0.17307692307692307
0,0.092840955,0.0
0,0.301587,0.17307692307692307
1,0.6099585,0.4411764705882353
0,0.25030574,0.11616161616161616
1,0.5941517,0.3274336283185841
0,0.6022967,0.3274336283185841
0,0.28292194,0.05847953216374269
0,0.6581933,0.17307692307692307
0,0.5745386,0.3274336283185841
0,0.11359162,0.05847953216374269
0,0.118788384,0.05847953216374269
1,0.76631045,0.6164383561643836
0,0.16664605,0.05847953216374269
0,0.682821,0.4411764705882353
0,0.28297764,0.11616161616161616
0,0.036816925,0.0
1,0.55106896,0.3274336283185841
0,0.4629527,0.05847953216374269
0,0.19753627,0.05847953216374269
0,0.06831727,0.0
0,0.5793234,0.3274336283185841
0,0.05216014,0.0
0,0.2686493,0.11616161616161616
0,0.48487562,0.17307692307692307
0,0.5020331,0.17307692307692307
0,0.7377823,0.6164383561643836
0,0.25935072,0.11616161616161616
1,0.688133,0.4782608695652174
0,0.1762327,0.05847953216374269
0,0.5439733,0.17307692307692307
0,0.76512945,0.5
0,0.47066423,0.17307692307692307
0,0.40433118,0.2857142857142857
0,0.30698293,0.11616161616161616
0,0.31868172,0.17307692307692307
0,0.20740907,0.05847953216374269
0,0.17076086,0.05847953216374269
1,0.7441318,0.6164383561643836
1,0.16508631,0.05847953216374269
0,0.042355083,0.0
0,0.22598459,0.05847953216374269
0,0.27969608,0.11616161616161616
0,0.82656014,0.6164383561643836
0,0.2912314,0.11616161616161616
1,0.108793415,0.4411764705882353
1,0.6873934,0.4411764705882353
0,0.42544177,0.17307692307692307
1,0.6835816,0.7241379310344828
0,0.09970302,0.0
1,0.879337,0.8421052631578947
0,0.030474998,0.0
0,0.046444878,0.0
1,0.8859941,0.8421052631578947
0,0.50470924,0.4411764705882353
1,0.8541826,0.7241379310344828
1,0.1266307,0.05847953216374269
0,0.07244733,0.0
0,0.22270577,0.05847953216374269
0,0.8015502,0.6164383561643836
1,0.7460612,0.8421052631578947
0,0.48680094,0.17307692307692307
0,0.032451943,0.0
0,0.2534633,0.11616161616161616
0,0.3262794,0.11616161616161616
0,0.49830708,0.3274336283185841
0,0.059654113,0.0
1,0.5613027,0.17307692307692307
0,0.20371975,0.05847953216374269
0,0.14728676,0.05847953216374269
1,0.86026573,0.8421052631578947
0,0.10878286,0.0
0,0.14941438,0.05847953216374269
1,0.73801255,0.445325124900717
1,0.81156856,0.6164383561643836
1,0.2582378,0.11616161616161616
1,0.91338396,0.875
1,0.18624474,0.05847953216374269
0,0.1502949,0.05847953216374269
0,0.21698995,0.05847953216374269
1,0.60617113,0.4411764705882353
0,0.561872,0.2857142857142857
0,0.20695919,0.05847953216374269
0,0.16044192,0.05847953216374269
0,0.72224617,0.3274336283185841
0,0.26595923,0.11616161616161616
1,0.75836563,0.6164383561643836
1,0.833257,0.7241379310344828
0,0.16890338,0.05847953216374269
0,0.37741306,0.3274336283185841
0,0.18076752,0.05847953216374269
0,0.16823815,0.05847953216374269
1,0.6764747,0.4411764705882353
1,0.7076802,0.6164383561643836
1,0.7336738,0.475
0,0.59523773,0.3274336283185841
0,0.28366497,0.11616161616161616
1,0.34818542,0.3274336283185841
0,0.6666122,0.4411764705882353
1,0.73950577,0.5
0,0.4735644,0.17307692307692307
0,0.2926215,0.11616161616161616
0,0.04399035,0.0
1,0.67278385,0.4782608695652174
1,0.35545412,0.17307692307692307
0,0.81417364,0.17307692307692307
0,0.39482525,0.17307692307692307
0,0.33322433,0.11616161616161616
1,0.75636214,0.6164383561643836
1,0.86841375,0.8421052631578947
0,0.34668198,0.11616161616161616
1,0.59691083,0.17307692307692307
0,0.16677235,0.0
0,0.027139472,0.0
0,0.653761,0.4411764705882353
0,0.2025731,0.05847953216374269
1,0.77888525,0.6164383561643836
0,0.25940675,0.11616161616161616
0,0.2427801,0.11616161616161616
0,0.80822134,0.6164383561643836
0,0.40231207,0.11616161616161616
1,0.6105189,0.4411764705882353
1,0.63467175,0.3274336283185841
0,0.0782985,0.0
1,0.88976234,0.7241379310344828
0,0.54499006,0.11616161616161616
0,0.06362072,0.0
1,0.45715326,0.4411764705882353
1,0.8071147,0.7241379310344828
0,0.55710423,0.17307692307692307
0,0.16119877,0.05847953216374269
0,0.14812583,0.0
0,0.11810183,0.05847953216374269
0,0.34870818,0.11616161616161616
0,0.68282545,0.6164383561643836
0,0.2001854,0.05847953216374269
0,0.70012057,0.4411764705882353
0,0.28090626,0.05847953216374269
0,0.6356463,0.3076923076923077
0,0.38913444,0.11616161616161616
0,0.85390836,0.6164383561643836
1,0.44768924,0.3274336283185841
0,0.43275207,0.11616161616161616
1,0.85269177,0.7241379310344828
0,0.45289204,0.475
0,0.09847327,0.0
0,0.077027515,0.0
1,0.6125049,0.4411764705882353
1,0.78828484,0.8333333333333334
0,0.09710759,0.0
0,0.28400838,0.11616161616161616
1,0.5945579,0.4782608695652174
1,0.6193651,0.475
1,0.59649444,0.3274336283185841
1,0.59850526,0.3076923076923077
1,0.8494266,0.8333333333333334
0,0.1301919,0.05847953216374269
0,0.6361332,0.3274336283185841
0,0.37892154,0.11616161616161616
1,0.26734647,0.11616161616161616
0,0.20733136,0.05847953216374269
0,0.039166525,0.0
0,0.070629865,0.0
1,0.8288764,0.6164383561643836
0,0.55849266,0.2857142857142857
0,0.25968403,0.11616161616161616
0,0.49461967,0.17307692307692307
0,0.3967418,0.11616161616161616
0,0.26670426,0.11616161616161616
0,0.051287413,0.0
0,0.53047967,0.17307692307692307
0,0.6057301,0.3274336283185841
0,0.7046574,0.4411764705882353
0,0.22508155,0.11616161616161616
0,0.15364583,0.0
1,0.5653033,0.3274336283185841
0,0.09646284,0.0
1,0.57315177,0.3274336283185841
0,0.13538848,0.05847953216374269
0,0.32965544,0.11616161616161616
0,0.51506686,0.31919411842933065
0,0.38068515,0.17307692307692307
0,0.22032143,0.05847953216374269
0,0.18140414,0.0
0,0.08188408,0.05847953216374269
1,0.45556,0.4782608695652174
0,0.5424,0.3076923076923077
0,0.74358463,0.2857142857142857
1,0.8715506,0.8421052631578947
0,0.64997363,0.3274336283185841
0,0.358663,0.17307692307692307
0,0.1925449,0.05847953216374269
0,0.6235947,0.3076923076923077
0,0.094843924,0.0
0,0.17525105,0.05847953216374269
0,0.17430554,0.05847953216374269
0,0.8349935,0.7241379310344828
0,0.70554125,0.475
1,0.77614653,0.5
0,0.5973637,0.3076923076923077
0,0.52401114,0.17307692307692307
0,0.71963984,0.475
0,0.4896428,0.17307692307692307
0,0.13534075,0.05847953216374269
1,0.8837703,0.7241379310344828
0,0.5533341,0.4411764705882353
0,0.84425175,0.6164383561643836
0,0.43116045,0.17307692307692307
1,0.83510923,0.7241379310344828
0,0.030235076,0.0
0,0.081786916,0.0
0,0.21050419,0.05847953216374269
0,0.2716582,0.11616161616161616
1,0.12353594,0.05847953216374269
0,0.7361324,0.475
0,0.87894034,0.7241379310344828
0,0.47634107,0.17307692307692307
0,0.39046445,0.17307692307692307
0,0.7391403,0.4411764705882353
0,0.4455579,0.17307692307692307
0,0.77806735,0.4782608695652174
0,0.634796,0.475
0,0.31927535,0.05847953216374269
1,0.8252182,0.6164383561643836
0,0.1673601,0.0
0,0.4735031,0.1995348762105332
0,0.06048559,0.0
1,0.80327016,0.7241379310344828
0,0.7485412,0.5
0,0.062416762,0.0
0,0.5254748,0.3274336283185841
0,0.05031929,0.0
0,0.3199592,0.17307692307692307
0,0.076755784,0.0
0,0.2655051,0.11616161616161616
0,0.36943647,0.17307692307692307
0,0.16573249,0.05847953216374269
0,0.36105332,0.17307692307692307
0,0.13134496,0.05847953216374269
1,0.55413115,0.4411764705882353
0,0.78160703,0.7241379310344828
0,0.09688316,0.05847953216374269
0,0.2505366,0.11616161616161616
0,0.12103502,0.05847953216374269
0,0.091432884,0.0
0,0.7564812,0.4411764705882353
0,0.774068,0.4411764705882353
0,0.77396756,0.4782608695652174
0,0.8361165,0.6164383561643836
0,0.14748062,0.0
0,0.286381,0.11616161616161616
0,0.25896758,0.05847953216374269
0,0.32559896,0.17307692307692307
0,0.032620456,0.0
1,0.3649741,0.11616161616161616
1,0.5512769,0.3274336283185841
0,0.14060506,0.0
0,0.2618505,0.05847953216374269
0,0.096201956,0.0
0,0.11580836,0.05847953216374269
0,0.38215196,0.05847953216374269
0,0.19950925,0.05847953216374269
0,0.27063859,0.11616161616161616
0,0.3166567,0.05847953216374269
1,0.83658403,0.6164383561643836
1,0.865138,0.875
0,0.39921576,0.17307692307692307
0,0.6713973,0.3274336283185841
0,0.0870532,0.0
0,0.23899338,0.05847953216374269
1,0.8716078,0.8421052631578947
0,0.18902579,0.05847953216374269
0,0.1819588,0.0
0,0.5124844,0.3274336283185841
0,0.28967237,0.11616161616161616
1,0.6241435,0.475
1,0.8196254,0.6164383561643836
0,0.5452541,0.17307692307692307
0,0.46992695,0.3274336283185841
1,0.7414522,0.6164383561643836
1,0.91442025,0.875
1,0.82226336,0.7241379310344828
0,0.6350597,0.3274336283185841
0,0.14974695,0.0
0,0.73277843,0.3005137232787173
0,0.7825756,0.2857142857142857
0,0.19758551,0.05847953216374269
0,0.07633968,0.0
0,0.22579454,0.05847953216374269
0,0.10072799,0.0
0,0.34824327,0.11616161616161616
1,0.8058318,0.7241379310344828
0,0.1423886,0.0
0,0.3274961,0.11616161616161616
0,0.5875714,0.3274336283185841
0,0.18161826,0.05847953216374269
1,0.68039227,0.3274336283185841
0,0.095442586,0.0
1,0.692674,0.475
1,0.87771755,0.7241379310344828
0,0.66800857,0.4411764705882353
0,0.63124347,0.475
1,0.2754378,0.11616161616161616
0,0.22088622,0.05847953216374269
0,0.55934656,0.3274336283185841
0,0.6012886,0.4411764705882353
0,0.894373,0.8421052631578947
0,0.15365994,0.05847953216374269
1,0.7108774,0.7241379310344828
0,0.74483335,0.3274336283185841
0,0.42735732,0.17307692307692307
1,0.6701735,0.3274336283185841
0,0.28225514,0.11616161616161616
0,0.021639481,0.0
0,0.85237455,0.6164383561643836
0,0.7469319,0.5
0,0.7763084,0.4782608695652174
0,0.04661849,0.0
0,0.8653389,0.4411764705882353
0,0.54549253,0.17307692307692307
0,0.7256756,0.475
1,0.8965885,0.7241379310344828
0,0.6722878,0.4782608695652174
1,0.816716,0.6164383561643836
0,0.38627782,0.17307692307692307
0,0.37635675,0.11616161616161616
0,0.09722846,0.0
1,0.8227514,0.7241379310344828
0,0.26168978,0.11616161616161616
1,0.7496276,0.6164383561643836
1,0.71646774,0.6164383561643836
1,0.7293478,0.7241379310344828
0,0.106312305,0.0
1,0.0388086,0.05847953216374269
1,0.3724798,0.3274336283185841
0,0.6007106,0.17307692307692307
0,0.11872957,0.05847953216374269
0,0.21918195,0.11616161616161616
0,0.22610381,0.05847953216374269
0,0.64150804,0.3274336283185841
0,0.3405275,0.11616161616161616
0,0.43181264,0.17307692307692307
0,0.13196644,0.05847953216374269
0,0.42039305,0.11616161616161616
0,0.2515672,0.11616161616161616
0,0.18234448,0.05847953216374269
0,0.24368526,0.05847953216374269
0,0.28355628,0.11616161616161616
1,0.61369413,0.3274336283185841
1,0.2949512,0.11616161616161616
1,0.6933683,0.6164383561643836
1,0.59259295,0.475
0,0.38689065,0.3274336283185841
1,0.50518155,0.3274336283185841
1,0.766639,0.6164383561643836
1,0.8041168,0.6164383561643836
0,0.21928029,0.11616161616161616
0,0.44283336,0.11616161616161616
0,0.037755143,0.0
1,0.5277319,0.3274336283185841
0,0.086870186,0.0
1,0.86734366,0.8421052631578947
0,0.28874362,0.11616161616161616
1,0.714288,0.5
0,0.47040835,0.4411764705882353
0,0.4384652,0.11616161616161616
0,0.3885286,0.17307692307692307
0,0.034541693,0.0
1,0.7571212,0.6164383561643836
0,0.22785367,0.05847953216374269
0,0.75459445,0.4782608695652174
0,0.65724945,0.4411764705882353
1,0.8831558,0.7241379310344828
0,0.28982675,0.05847953216374269
0,0.29866546,0.11616161616161616
0,0.35881528,0.17307692307692307
0,0.4555313,0.475
0,0.4095722,0.17307692307692307
1,0.668347,0.5
0,0.18049411,0.0
1,0.8197656,0.7241379310344828
1,0.3783394,0.17307692307692307
0,0.8846623,0.7241379310344828
0,0.8347105,0.6164383561643836
1,0.55583984,0.3274336283185841
1,0.852652,0.8333333333333334
0,0.66899157,0.3274336283185841
1,0.6945405,0.4411764705882353
0,0.12992243,0.05847953216374269
0,0.5497768,0.17307692307692307
0,0.049578525,0.0
0,0.2114248,0.05847953216374269
0,0.11183719,0.05847953216374269
0,0.6926787,0.4782608695652174
0,0.3889413,0.17307692307692307
0,0.46180084,0.17307692307692307
0,0.69182074,0.4782608695652174
0,0.029120192,0.0
1,0.31252363,0.11616161616161616
0,0.8625345,0.5
0,0.24926691,0.11616161616161616
1,0.8106284,0.6164383561643836
0,0.31930837,0.11616161616161616
0,0.36913863,0.11616161616161616
0,0.15692154,0.05847953216374269
0,0.061870284,0.0
1,0.37059024,0.3274336283185841
0,0.6415596,0.3076923076923077
0,0.100484125,0.0
0,0.3249082,0.11616161616161616
0,0.7592475,0.3076923076923077
0,0.3420983,0.11616161616161616
0,0.2855908,0.11616161616161616
1,0.45289204,0.475
0,0.6379911,0.3274336283185841
1,0.88248616,0.8333333333333334
1,0.35941014,0.11616161616161616
1,0.7007326,0.7241379310344828
0,0.25716862,0.11616161616161616
1,0.8383919,0.7241379310344828
1,0.8597508,0.7241379310344828
0,0.79150957,0.3274336283185841
0,0.022138696,0.05847953216374269
0,0.6321753,0.5
0,0.36863244,0.11616161616161616
1,0.74577814,0.5
0,0.12141865,0.05847953216374269
1,0.6622201,0.4782608695652174
0,0.42252147,0.11616161616161616
1,0.07113763,0.3274336283185841
0,0.81574,0.6164383561643836
0,0.09722078,0.0
0,0.43237215,0.11616161616161616
0,0.20224902,0.05847953216374269
0,0.49548212,0.17307692307692307
0,0.3571974,0.17307692307692307
0,0.6526157,0.2857142857142857
0,0.18951362,0.05847953216374269
0,0.38615018,0.17307692307692307
0,0.2881018,0.11616161616161616
1,0.74461067,0.5
0,0.5654852,0.17307692307692307
0,0.19711831,0.0
0,0.38663575,0.17307692307692307
0,0.12313586,0.05847953216374269
0,0.584589,0.4411764705882353
0,0.5235491,0.17307692307692307
1,0.7934686,0.47582065849660526
0,0.046032604,0.0
0,0.3387879,0.11616161616161616
0,0.109368026,0.05847953216374269
0,0.22520673,0.0
0,0.1669317,0.05847953216374269
1,0.40258917,0.3076923076923077
1,0.5877804,0.17307692307692307
0,0.26483738,0.11616161616161616
1,0.8218002,0.7241379310344828
1,0.7583741,0.5
0,0.85584205,0.8333333333333334
0,0.2559837,0.05847953216374269
0,0.28658995,0.11616161616161616
0,0.1678896,0.05847953216374269
0,0.029199548,0.0
1,0.8717147,0.875
0,0.69229674,0.475
0,0.8133323,0.6164383561643836
0,0.06779051,0.0
0,0.442952,0.17307692307692307
1,0.6431371,0.3274336283185841
0,0.27954412,0.11616161616161616
0,0.30313522,0.11616161616161616
0,0.07534885,0.0
0,0.3622759,0.11616161616161616
1,0.8534617,0.7241379310344828
0,0.40260834,0.3274336283185841
0,0.17918408,0.05847953216374269
0,0.37585482,0.11616161616161616
0,0.21535292,0.05847953216374269
0,0.8599651,0.7241379310344828
1,0.7343432,0.475
0,0.11640401,0.05847953216374269
0,0.43060908,0.17307692307692307
0,0.22326766,0.05847953216374269
0,0.15220277,0.05847953216374269
0,0.13707472,0.05847953216374269
0,0.14357434,0.05847953216374269
0,0.77249855,0.3274336283185841
0,0.6192986,0.3274336283185841
0,0.027280422,0.0
0,0.3639233,0.11616161616161616
0,0.18407051,0.0
1,0.85214627,0.7241379310344828
0,0.36636612,0.17307692307692307
0,0.28960884,0.11616161616161616
1,0.22616683,0.11616161616161616
0,0.079292215,0.0
1,0.49153715,0.3274336283185841
1,0.84636664,0.7241379310344828
0,0.18082099,0.05847953216374269
1,0.7232536,0.6164383561643836
0,0.28929904,0.11616161616161616
1,0.81372416,0.6164383561643836
1,0.8162133,0.7241379310344828
0,0.22595698,0.11616161616161616
0,0.25225723,0.11616161616161616
0,0.32807782,0.11616161616161616
0,0.47885248,0.4411764705882353
0,0.23853768,0.05847953216374269
0,0.22462237,0.05847953216374269
0,0.36047947,0.3076923076923077
0,0.05281735,0.0
0,0.17997229,0.05847953216374269
0,0.58373284,0.3076923076923077
0,0.026390014,0.0
0,0.64252365,0.17307692307692307
0,0.67944795,0.475
0,0.20059521,0.05847953216374269
0,0.2722714,0.05847953216374269
0,0.56951594,0.3274336283185841
0,0.42753127,0.17307692307692307
0,0.5508372,0.17307692307692307
1,0.85188764,0.8421052631578947
1,0.85185856,0.7241379310344828
0,0.34886712,0.17307692307692307
0,0.69050467,0.6164383561643836
0,0.2113829,0.05847953216374269
1,0.34962824,0.17307692307692307
0,0.5356982,0.17307692307692307
0,0.67390555,0.4411764705882353
0,0.055038955,0.0
0,0.22582598,0.05847953216374269
0,0.79602206,0.5
0,0.36659333,0.17307692307692307
1,0.33388734,0.17307692307692307
0,0.39482808,0.11616161616161616
0,0.3730864,0.11616161616161616
0,0.025716884,0.0
1,0.51895195,0.17307692307692307
1,0.25204688,0.11616161616161616
0,0.5702009,0.4411764705882353
0,0.34205288,0.11616161616161616
1,0.7300371,0.475
0,0.60982895,0.3274336283185841
1,0.4076012,0.2857142857142857
1,0.8233884,0.7241379310344828
0,0.122669615,0.05847953216374269
0,0.21666667,0.05847953216374269
0,0.3388188,0.17307692307692307
1,0.3877556,0.17307692307692307
1,0.72042036,0.4411764705882353
1,0.733986,0.475
0,0.24743299,0.11616161616161616
0,0.20661113,0.05847953216374269
0,0.04108671,0.0
0,0.5452434,0.3076923076923077
0,0.5617933,0.17307692307692307
0,0.1238184,0.05847953216374269
0,0.21887518,0.05847953216374269
0,0.47756842,0.11616161616161616
0,0.11923889,0.05847953216374269
0,0.08155173,0.0
1,0.858463,0.7241379310344828
0,0.21446884,0.05847953216374269
0,0.06284919,0.0
0,0.337096,0.3076923076923077
0,0.5240178,0.17307692307692307
0,0.11358381,0.05847953216374269
0,0.44638363,0.11616161616161616
0,0.402116,0.11616161616161616
0,0.75435936,0.6164383561643836
0,0.36294478,0.17307692307692307
1,0.2837161,0.11616161616161616
0,0.37769493,0.17307692307692307
0,0.35650766,0.17307692307692307
0,0.69925904,0.6164383561643836
0,0.47999227,0.3076923076923077
0,0.44334096,0.17307692307692307
0,0.08334401,0.0
1,0.3950581,0.11616161616161616
0,0.34822986,0.05847953216374269
1,0.63383156,0.3274336283185841
0,0.2114248,0.05847953216374269
0,0.012106384,0.0
0,0.82022506,0.6164383561643836
0,0.50579697,0.17307692307692307
1,0.8844713,0.7241379310344828
1,0.7426865,0.6164383561643836
0,0.792714,0.3274336283185841
0,0.068947636,0.0
1,0.51207733,0.3274336283185841
1,0.70504427,0.4782608695652174
0,0.31173098,0.11616161616161616
0,0.6005312,0.3274336283185841
0,0.08291511,0.0
0,0.6237389,0.4411764705882353
0,0.7314223,0.475
1,0.5200262,0.475
0,0.18628904,0.05847953216374269
1,0.8062506,0.6164383561643836
0,0.6492077,0.3274336283185841
0,0.7833592,0.3274336283185841
0,0.53365886,0.17307692307692307
0,0.13009939,0.0
0,0.34622443,0.11616161616161616
1,0.46272185,0.2857142857142857
0,0.38076872,0.11616161616161616
0,0.20126933,0.05847953216374269
1,0.892295,0.8421052631578947
0,0.2962207,0.3274336283185841
1,0.88383645,0.8421052631578947
0,0.3299731,0.05847953216374269
1,0.9301097,0.8421052631578947
1,0.68270516,0.4411764705882353
0,0.9123277,0.4411764705882353
1,0.8545587,0.7241379310344828
0,0.22112419,0.05847953216374269
0,0.18435732,0.05847953216374269
1,0.7246287,0.4411764705882353
0,0.07975115,0.0
0,0.5442053,0.3274336283185841
0,0.3573083,0.11616161616161616
0,0.19024552,0.05847953216374269
0,0.16437468,0.05847953216374269
1,0.9312747,0.875
1,0.864239,0.8694106208556328
1,0.5874347,0.3274336283185841
1,0.84772253,0.6164383561643836
0,0.16791938,0.05847953216374269
0,0.04324545,0.0
0,0.40953693,0.17307692307692307
1,0.22618082,0.05847953216374269
0,0.57511836,0.3274336283185841
1,0.7920189,0.6164383561643836
0,0.03832087,0.0
0,0.74872875,0.4411764705882353
0,0.77529013,0.4411764705882353
0,0.23420608,0.0
0,0.2359346,0.11616161616161616
0,0.3511867,0.3076923076923077
0,0.41484323,0.17307692307692307
0,0.6933464,0.5
0,0.04447063,0.0
1,0.3914749,0.4411764705882353
0,0.8768627,0.6164383561643836
1,0.8481654,0.7241379310344828
0,0.5582684,0.3274336283185841
0,0.03481267,0.0
0,0.38205624,0.11616161616161616
1,0.43736705,0.4411764705882353
0,0.28076923,0.11616161616161616
0,0.08990624,0.05847953216374269
1,0.61027646,0.3274336283185841
0,0.09396978,0.0
0,0.18397807,0.05847953216374269
0,0.38028806,0.11616161616161616
1,0.49888438,0.3274336283185841
0,0.39749295,0.17307692307692307
0,0.091918655,0.0
1,0.30748507,0.17307692307692307
0,0.7982111,0.6164383561643836
1,0.76225734,0.475
0,0.51144767,0.17307692307692307
1,0.7754662,0.5
0,0.38302922,0.11616161616161616
1,0.24495164,0.05847953216374269
0,0.101644814,0.0
0,0.90204716,0.4411764705882353
0,0.21738401,0.11616161616161616
0,0.11335025,0.0
1,0.56288356,0.5
0,0.6899073,0.3076923076923077
0,0.6132527,0.3076923076923077
0,0.24579513,0.05847953216374269
0,0.036697295,0.0
0,0.24350996,0.11616161616161616
0,0.1650489,0.05847953216374269
0,0.7767911,0.475
0,0.25045955,0.05847953216374269
0,0.3082179,0.11616161616161616
0,0.5918125,0.3274336283185841
0,0.078466035,0.0
0,0.32550552,0.11616161616161616
1,0.78813446,0.6164383561643836
1,0.8623157,0.7241379310344828
1,0.4530293,0.3274336283185841
0,0.49562114,0.17307692307692307
0,0.111519106,0.05847953216374269
0,0.19210935,0.05847953216374269
1,0.73647046,0.5
1,0.81947577,0.8421052631578947
1,0.71834743,0.4411764705882353
1,0.40717283,0.11616161616161616
1,0.3726614,0.3274336283185841
0,0.1850956,0.0
0,0.10994779,0.05847953216374269
0,0.09353337,0.0
1,0.9088214,0.8421052631578947
0,0.6666865,0.17307692307692307
0,0.57070845,0.17307692307692307
0,0.5993812,0.475
0,0.3113564,0.11616161616161616
1,0.8044073,0.7241379310344828
0,0.076857895,0.0
0,0.44108585,0.11616161616161616
1,0.4967795,0.4782608695652174
1,0.7226945,0.4411764705882353
0,0.44347513,0.3274336283185841
1,0.6010262,0.475
0,0.2906527,0.11616161616161616
0,0.10168035,0.05847953216374269
0,0.44602904,0.11616161616161616
0,0.4740046,0.3274336283185841
1,0.6249462,0.26840052917241497
0,0.38134238,0.2857142857142857
1,0.8605212,0.8421052631578947
0,0.09328942,0.0
0,0.7741733,0.5
1,0.26670426,0.11616161616161616
1,0.29857695,0.17307692307692307
0,0.22003615,0.05847953216374269
0,0.35148156,0.11616161616161616
0,0.19172387,0.05847953216374269
1,0.3502078,0.17307692307692307
1,0.48559827,0.17307692307692307
0,0.34280208,0.11616161616161616
0,0.43061233,0.11616161616161616
0,0.45501924,0.2857142857142857
0,0.0734521,0.0
0,0.10176975,0.0
0,0.42535505,0.17307692307692307
0,0.3478218,0.11616161616161616
0,0.20275296,0.05847953216374269
0,0.81944853,0.6164383561643836
1,0.45718566,0.17307692307692307
0,0.6489363,0.17307692307692307
0,0.21144623,0.11616161616161616
1,0.7241477,0.475
0,0.4437701,0.1731817323894894
0,0.1669317,0.05847953216374269
0,0.4860082,0.17307692307692307
1,0.39943445,0.17307692307692307
1,0.6514957,0.3274336283185841
0,0.28808603,0.11616161616161616
0,0.37983152,0.11616161616161616
0,0.25350377,0.05847953216374269
0,0.80485344,0.5
0,0.30808842,0.17307692307692307
0,0.4235282,0.11616161616161616
0,0.1301632,0.05847953216374269
0,0.58572745,0.17307692307692307
0,0.6149039,0.17307692307692307
0,0.18902244,0.05847953216374269
1,0.700595,0.475
1,0.8498714,0.8421052631578947
1,0.8960929,0.8421052631578947
0,0.15414341,0.05847953216374269
0,0.3108743,0.17307692307692307
0,0.36176524,0.3076923076923077
0,0.61442703,0.4411764705882353
0,0.33539715,0.11616161616161616
1,0.39639243,0.11616161616161616
1,0.47065613,0.17307692307692307
0,0.7762746,0.3274336283185841
0,0.4094019,0.3076923076923077
0,0.37193996,0.3076923076923077
0,0.702679,0.17307692307692307
0,0.10195293,0.05847953216374269
0,0.5328649,0.3274336283185841
0,0.2277021,0.05847953216374269
1,0.5425563,0.4411764705882353
0,0.65028447,0.3274336283185841
0,0.057317797,0.0
0,0.40446064,0.17307692307692307
0,0.31134996,0.11616161616161616
0,0.27476275,0.11616161616161616
0,0.81147444,0.6164383561643836
0,0.1362084,0.05847953216374269
1,0.92324775,0.875
0,0.20500031,0.05847953216374269
0,0.088736005,0.0
1,0.6890726,0.8421052631578947
0,0.7129052,0.4411764705882353
0,0.062426247,0.0
1,0.8053552,0.6164383561643836
0,0.159109,0.05847953216374269
0,0.19240077,0.05847953216374269
0,0.5592879,0.17307692307692307
0,0.4907987,0.3274336283185841
0,0.3481914,0.11616161616161616
0,0.090498306,0.0
0,0.4518761,0.3274336283185841
0,0.076857895,0.0
0,0.2326698,0.11616161616161616
0,0.133238,0.0
0,0.49935773,0.3274336283185841
0,0.41850072,0.11616161616161616
0,0.05968948,0.0
0,0.16909559,0.05847953216374269
0,0.7495854,0.4782608695652174
0,0.70984346,0.475
1,0.5636357,0.475
0,0.51761854,0.3274336283185841
0,0.30586523,0.11616161616161616
0,0.84388626,0.6164383561643836
0,0.2914081,0.11616161616161616
1,0.5658903,0.3274336283185841
0,0.10732767,0.0
1,0.35897562,0.17307692307692307
0,0.17875803,0.05847953216374269
0,0.15811013,0.05847953216374269
0,0.22932458,0.11616161616161616
0,0.4745273,0.2857142857142857
0,0.06931109,0.0
1,0.2451973,0.17307692307692307
1,0.5389902,0.3274336283185841
0,0.31395876,0.05847953216374269
0,0.44271687,0.11616161616161616
1,0.36085486,0.17307692307692307
0,0.37679213,0.11616161616161616
1,0.7460612,0.8421052631578947
0,0.1861368,0.05847953216374269
1,0.6976485,0.4411764705882353
1,0.73493093,0.475
1,0.4586355,0.3274336283185841
1,0.67525446,0.475
1,0.7994711,0.7241379310344828
1,0.69492775,0.5
0,0.4007609,0.11616161616161616
0,0.19642483,0.11616161616161616
0,0.7164536,0.475
1,0.712277,0.475
0,0.783842,0.17307692307692307
0,0.80261177,0.4411764705882353
0,0.48471737,0.3274336283185841
0,0.082608394,0.0
0,0.481945,0.3076923076923077
1,0.8732298,0.7241379310344828
0,0.15036215,0.05847953216374269
0,0.17428178,0.05847953216374269
0,0.061612025,0.0
0,0.22955176,0.05847953216374269
1,0.74381495,0.4782608695652174
0,0.25819814,0.11616161616161616
0,0.33250615,0.11616161616161616
0,0.22551797,0.05847953216374269
0,0.2101577,0.05847953216374269
0,0.59387565,0.4411764705882353
0,0.3418596,0.11616161616161616
0,0.73281157,0.4782608695652174
0,0.4060876,0.3274336283185841
0,0.2045084,0.05847953216374269
0,0.21876878,0.05847953216374269
1,0.75444466,0.6164383561643836
1,0.6973802,0.4411764705882353
0,0.77892244,0.4411764705882353
0,0.6123729,0.17307692307692307
0,0.5199028,0.3076923076923077
0,0.7810923,0.17307692307692307
0,0.23330292,0.05847953216374269
0,0.63014483,0.475
1,0.27980223,0.05847953216374269
0,0.2860497,0.11616161616161616
0,0.5228613,0.17307692307692307
0,0.45632544,0.17307692307692307
0,0.53290534,0.4411764705882353
0,0.52226967,0.17307692307692307
1,0.57455313,0.4411764705882353
0,0.6495122,0.4411764705882353
0,0.723611,0.4411764705882353
0,0.2890788,0.11616161616161616
0,0.39612234,0.17307692307692307
1,0.27317783,0.11616161616161616
1,0.36080986,0.17307692307692307
1,0.57346416,0.4411764705882353
1,0.8066875,0.6164383561643836
0,0.5365354,0.4411764705882353
0,0.04006603,0.0
0,0.21172076,0.11616161616161616
0,0.22751038,0.05847953216374269
0,0.14199573,0.0
1,0.8015502,0.6164383561643836
0,0.7376438,0.6164383561643836
1,0.9100894,0.875
0,0.21480437,0.05847953216374269
0,0.25804994,0.05847953216374269
1,0.43768847,0.3274336283185841
0,0.2887503,0.11616161616161616
0,0.023774518,0.0
1,0.7897152,0.3274336283185841
0,0.17947727,0.05847953216374269
1,0.7460265,0.8421052631578947
0,0.27029946,0.11616161616161616
0,0.56744576,0.3274336283185841
0,0.21784896,0.11616161616161616
0,0.28690603,0.11616161616161616
1,0.6303474,0.3274336283185841
0,0.71388954,0.6164383561643836
0,0.32718548,0.17307692307692307
0,0.42585313,0.17307692307692307
1,0.7295171,0.475
0,0.80518234,0.6164383561643836
1,0.7744045,0.4411764705882353
0,0.6367284,0.4411764705882353
0,0.14113016,0.0
0,0.2942954,0.11616161616161616
0,0.31391877,0.17307692307692307
1,0.81156856,0.6164383561643836
0,0.4008124,0.11616161616161616
0,0.2933022,0.05847953216374269
1,0.82264006,0.7241379310344828
1,0.8151716,0.7241379310344828
1,0.79639107,0.6164383561643836
0,0.06921931,0.0
0,0.6862532,0.6164383561643836
1,0.37472105,0.2857142857142857
1,0.8823273,0.7241379310344828
0,0.40678835,0.11616161616161616
0,0.040586974,0.0
0,0.13732156,0.05847953216374269
0,0.70280886,0.49335415235655067
0,0.1875476,0.05847953216374269
0,0.7426448,0.5
1,0.878565,0.8421052631578947
1,0.73684704,0.6164383561643836
0,0.053340424,0.0
0,0.51732206,0.17307692307692307
0,0.036605798,0.0
1,0.76085037,0.6164383561643836
0,0.7113005,0.4411764705882353
0,0.18787165,0.05847953216374269
1,0.11623851,0.05847953216374269
1,0.07491426,0.05847953216374269
0,0.3730186,0.17307692307692307
0,0.78660923,0.4411764705882353
0,0.1855773,0.05847953216374269
0,0.52972054,0.17307692307692307
1,0.48288324,0.17307692307692307
0,0.16446444,0.05847953216374269
0,0.8107278,0.6164383561643836
0,0.27376723,0.11616161616161616
1,0.8179545,0.6164383561643836
0,0.13553222,0.05847953216374269
0,0.33223993,0.11616161616161616
1,0.89001375,0.8421052631578947
0,0.7431322,0.6164383561643836
0,0.16374356,0.0
0,0.7264502,0.49335415235655067
0,0.115645826,0.05847953216374269
0,0.19599384,0.0
0,0.15301542,0.05847953216374269
0,0.37994125,0.11616161616161616
0,0.21094592,0.05847953216374269
1,0.6300664,0.475
0,0.23545337,0.11616161616161616
0,0.035835586,0.0
0,0.20995404,0.05847953216374269
1,0.69820774,0.475
0,0.26651058,0.11616161616161616
1,0.7962815,0.7241379310344828
0,0.19142297,0.05847953216374269
0,0.24335799,0.05847953216374269
1,0.756743,0.875
0,0.04352743,0.0
1,0.8248881,0.7241379310344828
0,0.59814644,0.17307692307692307
0,0.103031866,0.05847953216374269
0,0.5104306,0.17307692307692307
0,0.597782,0.3274336283185841
0,0.19161922,0.05847953216374269
0,0.8312341,0.6164383561643836
0,0.1882629,0.05847953216374269
1,0.88931876,0.7241379310344828
1,0.8851349,0.7241379310344828
0,0.45718008,0.3274336283185841
1,0.51245844,0.3274336283185841
0,0.5874155,0.3274336283185841
1,0.8552028,0.6164383561643836
0,0.24562868,0.05847953216374269
0,0.07574288,0.0
0,0.79363465,0.5
0,0.12326449,0.05847953216374269
0,0.21151239,0.05847953216374269
0,0.68708813,0.4411764705882353
0,0.49031088,0.17307692307692307
0,0.17834821,0.05847953216374269
1,0.7029859,0.6164383561643836
0,0.45855382,0.3274336283185841
0,0.3650742,0.11616161616161616
1,0.5813819,0.4411764705882353
0,0.25354224,0.05847953216374269
0,0.25547147,0.11616161616161616
1,0.5964552,0.5
0,0.026964756,0.0
1,0.81710404,0.6164383561643836
0,0.74029005,0.4411764705882353
0,0.21527228,0.05847953216374269
0,0.5123106,0.17307692307692307
0,0.22650209,0.05847953216374269
0,0.57015973,0.3145899949878436
0,0.6003241,0.2908671655502976
0,0.6772356,0.4411764705882353
1,0.7764158,0.8421052631578947
0,0.49726734,0.3274336283185841
0,0.80995214,0.6164383561643836
0,0.19160864,0.0
1,0.4233835,0.3274336283185841
0,0.85012555,0.6164383561643836
0,0.10287717,0.0
1,0.7374294,0.475
0,0.38101655,0.11616161616161616
0,0.58557713,0.4411764705882353
0,0.44396523,0.17307692307692307
0,0.2685946,0.11616161616161616
0,0.22155213,0.05847953216374269
0,0.10082428,0.0
0,0.066589676,0.0
0,0.781319,0.2857142857142857
0,0.08831307,0.0
0,0.1466379,0.05847953216374269
0,0.20238419,0.0
0,0.20691995,0.0
1,0.72182906,0.475
0,0.43899608,0.11616161616161616
0,0.23669048,0.11616161616161616
1,0.8920339,0.8421052631578947
0,0.5290657,0.17307692307692307
0,0.6016473,0.17307692307692307
0,0.19769982,0.05847953216374269
0,0.08501316,0.05847953216374269
0,0.10307226,0.05847953216374269
0,0.20601873,0.05847953216374269
0,0.046822887,0.0
0,0.52936006,0.4411764705882353
1,0.80816483,0.6164383561643836
0,0.08366959,0.0
1,0.8999815,0.875
0,0.48791698,0.17307692307692307
0,0.8072339,0.6164383561643836
1,0.6505501,0.4411764705882353
0,0.41650298,0.11616161616161616
0,0.05466651,0.0
0,0.58388233,0.4411764705882353
1,0.5634377,0.475
1,0.7233381,0.6164383561643836
0,0.67192936,0.4411764705882353
1,0.56309104,0.4411764705882353
1,0.7413376,0.6164383561643836
0,0.4763117,0.3274336283185841
0,0.72770613,0.4411764705882353
0,0.08280261,0.05847953216374269
0,0.217177,0.05847953216374269
0,0.19332375,0.0
0,0.32993805,0.11616161616161616
0,0.11878628,0.0
0,0.51861966,0.17307692307692307
0,0.62379116,0.4411764705882353
0,0.36403376,0.17307692307692307
1,0.38101655,0.11616161616161616
1,0.6893091,0.475
0,0.6737819,0.4411764705882353
0,0.26482585,0.11616161616161616
0,0.45326152,0.17307692307692307
1,0.2609189,0.17307692307692307
0,0.30159622,0.11616161616161616
0,0.32013893,0.11616161616161616
0,0.25264558,0.11616161616161616
1,0.7582183,0.8333333333333334
0,0.7680677,0.6164383561643836
0,0.8086505,0.17307692307692307
0,0.3382659,0.17307692307692307
1,0.68529624,0.475
0,0.15775599,0.05847953216374269
1,0.26279953,0.11616161616161616
0,0.2194689,0.05847953216374269
0,0.13498893,0.05847953216374269
0,0.070428684,0.0
0,0.5098984,0.17307692307692307
0,0.5889605,0.3274336283185841
0,0.028810432,0.0
0,0.20321177,0.05847953216374269
0,0.1305702,0.05847953216374269
0,0.6982423,0.475
0,0.32724342,0.11616161616161616
1,0.7294309,0.475
0,0.8478707,0.7241379310344828
1,0.8567647,0.7241379310344828
0,0.32431555,0.17307692307692307
1,0.7099538,0.4782608695652174
0,0.39302382,0.11616161616161616
1,0.84396994,0.7241379310344828
0,0.26204798,0.05847953216374269
1,0.7919694,0.6164383561643836
0,0.27515683,0.11616161616161616
0,0.544299,0.4411764705882353
0,0.056126762,0.0
0,0.1362972,0.05847953216374269
1,0.83476794,0.6164383561643836
0,0.20645326,0.05847953216374269
1,0.70985436,0.7241379310344828
0,0.25278595,0.11616161616161616
1,0.8575807,0.7241379310344828
0,0.7320934,0.4782608695652174
1,0.52463627,0.4411764705882353
1,0.27566594,0.11616161616161616
0,0.7076802,0.6164383561643836
1,0.893689,0.875
1,0.36783156,0.17307692307692307
0,0.0808153,0.0
0,0.07067178,0.05847953216374269
1,0.73894227,0.6164383561643836
0,0.054424684,0.0
0,0.06053815,0.0
0,0.09038477,0.0
0,0.25739884,0.05847953216374269
0,0.25897512,0.11616161616161616
1,0.743402,0.6164383561643836
1,0.7661495,0.6164383561643836
0,0.23738524,0.05847953216374269
0,0.4277958,0.17307692307692307
0,0.70932996,0.475
1,0.6882862,0.7241379310344828
0,0.052116137,0.0
0,0.039767068,0.0
0,0.26394418,0.11616161616161616
0,0.28401887,0.11616161616161616
0,0.050846495,0.0
1,0.29565158,0.3274336283185841
1,0.36053807,0.17307692307692307
0,0.7982938,0.17307692307692307
0,0.228276,0.11616161616161616
1,0.3913262,0.3076923076923077
1,0.81053257,0.7241379310344828
0,0.20090774,0.05847953216374269
0,0.1152589,0.05847953216374269
0,0.22211102,0.05847953216374269
1,0.92145735,0.875
0,0.4034264,0.11616161616161616
0,0.2245306,0.05847953216374269
0,0.12982617,0.05847953216374269
1,0.814429,0.6164383561643836
1,0.74017966,0.4411764705882353
1,0.5814263,0.3274336283185841
0,0.660663,0.3274336283185841
0,0.13373302,0.0
0,0.5587891,0.17307692307692307
0,0.71846855,0.4782608695652174
0,0.6526722,0.6164383561643836
0,0.44216132,0.17307692307692307
1,0.809414,0.6164383561643836
1,0.708061,0.4782608695652174
0,0.18340279,0.05847953216374269
0,0.30705616,0.11616161616161616
0,0.51393044,0.17307692307692307
0,0.18711372,0.05847953216374269
1,0.43587986,0.17307692307692307
0,0.08916443,0.0
0,0.28720966,0.11616161616161616
0,0.7286471,0.475
0,0.04266085,0.0
0,0.17545675,0.05847953216374269
1,0.7994499,0.7241379310344828
0,0.16269569,0.05847953216374269
0,0.27885267,0.11616161616161616
0,0.42918995,0.11616161616161616
0,0.24986644,0.11616161616161616
0,0.10193523,0.0
1,0.62343895,0.2908671655502976
0,0.417008,0.4411764705882353
0,0.3316081,0.11616161616161616
1,0.7873297,0.7241379310344828
0,0.73804915,0.475
0,0.08716328,0.0
1,0.73578405,0.4411764705882353
0,0.712378,0.475
1,0.8543444,0.7241379310344828
0,0.23294431,0.05847953216374269
0,0.30269212,0.11616161616161616
1,0.21048048,0.05847953216374269
0,0.5439396,0.17307692307692307
0,0.2768605,0.11616161616161616
0,0.7185035,0.17307692307692307
0,0.5448952,0.17307692307692307
0,0.1974302,0.05847953216374269
1,0.49989945,0.3274336283185841
0,0.21625449,0.11616161616161616
0,0.2407964,0.05847953216374269
0,0.06812036,0.0
0,0.2599101,0.05847953216374269
1,0.8213595,0.7241379310344828
0,0.88445127,0.8333333333333334
0,0.23672569,0.11616161616161616
0,0.19538786,0.05847953216374269
0,0.71758413,0.3076923076923077
1,0.5644319,0.4411764705882353
0,0.37765077,0.17307692307692307
0,0.055446174,0.0
0,0.75073016,0.6164383561643836
1,0.66443586,0.4411764705882353
1,0.72556746,0.4411764705882353
1,0.7513858,0.5
0,0.7909693,0.4411764705882353
1,0.76847494,0.6164383561643836
1,0.5467814,0.17307692307692307
0,0.77476,0.4411764705882353
0,0.24539518,0.05847953216374269
0,0.09321197,0.05847953216374269
0,0.55509937,0.3274336283185841
0,0.0546845,0.0
1,0.7247507,0.7241379310344828
0,0.1643438,0.05847953216374269
1,0.70772284,0.475
0,0.2149926,0.05847953216374269
0,0.4079081,0.17307692307692307
0,0.14320745,0.05847953216374269
0,0.08737999,0.0
0,0.18955252,0.0
0,0.4703076,0.11616161616161616
0,0.66460633,0.5
0,0.06601382,0.0
0,0.81338245,0.11616161616161616
0,0.62631905,0.3274336283185841
0,0.7808577,0.4411764705882353
0,0.17423512,0.05847953216374269
1,0.8675606,0.8333333333333334
1,0.66117144,0.6164383561643836
0,0.50880873,0.26987550043125913
0,0.03777001,0.0
1,0.51728064,0.17307692307692307
1,0.33612067,0.11616161616161616
0,0.16074833,0.05847953216374269
0,0.03940782,0.0
0,0.12206089,0.05847953216374269
0,0.10600069,0.0
0,0.24435046,0.11616161616161616
0,0.30836794,0.3076923076923077
0,0.25169307,0.05847953216374269
0,0.640458,0.3274336283185841
0,0.8607139,0.6164383561643836
1,0.8136785,0.7241379310344828
0,0.08165421,0.0
0,0.64326084,0.2857142857142857
0,0.3730186,0.17307692307692307
0,0.8593839,0.6164383561643836
0,0.27317783,0.11616161616161616
0,0.028406395,0.0
1,0.75345355,0.5
1,0.68479943,0.6164383561643836
0,0.25968447,0.11616161616161616
1,0.6838857,0.4411764705882353
0,0.7733623,0.6164383561643836
1,0.9212712,0.875
1,0.4367154,0.3274336283185841
0,0.2460874,0.11616161616161616
0,0.18029952,0.0
0,0.3645003,0.3076923076923077
1,0.31373206,0.11616161616161616
0,0.26700744,0.11616161616161616
0,0.2493031,0.05847953216374269
1,0.71433043,0.6164383561643836
0,0.08261318,0.0
0,0.17404158,0.05847953216374269
1,0.7923688,0.3274336283185841
0,0.40230846,0.17307692307692307
0,0.2767917,0.11616161616161616
0,0.26251757,0.05847953216374269
1,0.89103305,0.6164383561643836
1,0.45125028,0.3274336283185841
0,0.8481263,0.6164383561643836
0,0.40081462,0.17307692307692307
0,0.6044203,0.3274336283185841
0,0.071344145,0.0
0,0.6419356,0.17307692307692307
0,0.18426798,0.05847953216374269
0,0.15381314,0.05847953216374269
1,0.8645507,0.875
0,0.42376587,0.11616161616161616
0,0.14317437,0.05847953216374269
0,0.21043968,0.05847953216374269
1,0.2802445,0.11616161616161616
0,0.13470832,0.0
0,0.098971345,0.0
0,0.053937178,0.0
0,0.32909957,0.11616161616161616
0,0.3724798,0.3274336283185841
1,0.58602333,0.3274336283185841
0,0.33430463,0.11616161616161616
0,0.7239724,0.475
0,0.59597707,0.3274336283185841
0,0.71388954,0.6164383561643836
0,0.090074606,0.0
0,0.22472572,0.05847953216374269
0,0.13744856,0.05847953216374269
0,0.15488702,0.05847953216374269
0,0.2799302,0.11616161616161616
1,0.80147445,0.8333333333333334
0,0.20687607,0.05847953216374269
0,0.19722731,0.05847953216374269
1,0.8570523,0.7241379310344828
0,0.11775014,0.0
0,0.2426206,0.11616161616161616
0,0.16678323,0.05847953216374269
1,0.8696101,0.875
0,0.729439,0.475
0,0.49772012,0.17307692307692307
1,0.5073609,0.17307692307692307
0,0.8357339,0.7241379310344828
0,0.63659084,0.17307692307692307
1,0.4904323,0.3274336283185841
0,0.22683042,0.11616161616161616
0,0.37157068,0.11616161616161616
0,0.17276414,0.05847953216374269
1,0.80748206,0.7241379310344828
0,0.54504097,0.3274336283185841
0,0.32355186,0.05847953216374269
0,0.59560204,0.17307692307692307
0,0.12907355,0.05847953216374269
0,0.39102098,0.11616161616161616
0,0.6546005,0.3274336283185841
0,0.48981583,0.3076923076923077
0,0.1539406,0.05847953216374269
1,0.6727266,0.4411764705882353
0,0.14628564,0.05847953216374269
0,0.43626344,0.3274336283185841
0,0.71433043,0.6164383561643836
1,0.2353297,0.11616161616161616
0,0.5173568,0.4411764705882353
1,0.51000595,0.3274336283185841
0,0.53596264,0.3274336283185841
1,0.585002,0.3274336283185841
0,0.6637294,0.4411764705882353
0,0.18906902,0.05847953216374269
1,0.38689065,0.3274336283185841
0,0.3782054,0.11616161616161616
0,0.05385358,0.0
0,0.30377302,0.11616161616161616
0,0.7101518,0.475
0,0.4192279,0.17307692307692307
1,0.6722975,0.3274336283185841
0,0.41864216,0.11616161616161616
1,0.5501542,0.4411764705882353
1,0.4038488,0.11616161616161616
0,0.7843039,0.3274336283185841
0,0.4822597,0.3274336283185841
1,0.7197781,0.4411764705882353
0,0.38845646,0.17307692307692307
0,0.31522202,0.11616161616161616
0,0.79985714,0.6164383561643836
0,0.8170434,0.6164383561643836
0,0.38340476,0.17307692307692307
0,0.058856152,0.0
0,0.5743077,0.17307692307692307
0,0.36667445,0.11616161616161616
0,0.4940107,0.17307692307692307
0,0.56930065,0.2857142857142857
1,0.8592189,0.7241379310344828
1,0.4991881,0.17307692307692307
1,0.3253337,0.11616161616161616
0,0.8367932,0.6164383561643836
0,0.65255654,0.2857142857142857
0,0.3461535,0.11616161616161616
0,0.12269431,0.05847953216374269
1,0.74545354,0.7241379310344828
0,0.7106656,0.475
0,0.1919746,0.05847953216374269
0,0.38434228,0.17307692307692307
0,0.17642283,0.0
0,0.24443811,0.05847953216374269
0,0.10521731,0.0
0,0.08583455,0.0
1,0.8695571,0.875
0,0.44197792,0.17307692307692307
1,0.6367079,0.4411764705882353
0,0.6821557,0.475
1,0.83344585,0.7241379310344828
0,0.57760787,0.3274336283185841
0,0.11840234,0.05847953216374269
0,0.22209986,0.05847953216374269
0,0.4067744,0.17307692307692307
0,0.22993241,0.05847953216374269
0,0.373935,0.11616161616161616
0,0.7940105,0.5
0,0.6558786,0.2857142857142857
1,0.71390676,0.475
0,0.37464875,0.11616161616161616
0,0.6820412,0.475
0,0.30579954,0.11616161616161616
0,0.16184789,0.11616161616161616
0,0.250712,0.11616161616161616
1,0.26725024,0.11616161616161616
0,0.12182316,0.05847953216374269
1,0.81924057,0.7241379310344828
0,0.3921868,0.11616161616161616
0,0.5368258,0.2857142857142857
0,0.042936638,0.0
1,0.7037984,0.6164383561643836
0,0.037631474,0.0
0,0.12009988,0.0
0,0.4305246,0.17307692307692307
1,0.8405227,0.6164383561643836
1,0.84585387,0.6164383561643836
1,0.81970394,0.8421052631578947
0,0.17737168,0.05847953216374269
0,0.20226721,0.05847953216374269
0,0.31120646,0.11616161616161616
0,0.058705002,0.0
0,0.18624474,0.05847953216374269
1,0.8057474,0.8421052631578947
0,0.41363692,0.17307692307692307
0,0.4967795,0.4782608695652174
0,0.21716322,0.11616161616161616
0,0.5543497,0.3274336283185841
0,0.6931691,0.475
0,0.6440461,0.3274336283185841
0,0.4283285,0.17307692307692307
0,0.7846328,0.3274336283185841
1,0.69050467,0.6164383561643836
0,0.20195459,0.0
0,0.36394542,0.11616161616161616
0,0.47815678,0.17307692307692307
0,0.086574346,0.0
0,0.59570724,0.4411764705882353
0,0.17508273,0.05847953216374269
1,0.81110555,0.7241379310344828
0,0.3142252,0.11616161616161616
0,0.18495256,0.05847953216374269
0,0.41148612,0.17307692307692307
0,0.5390096,0.2857142857142857
0,0.052886628,0.0
0,0.1678992,0.05847953216374269
1,0.41448504,0.17307692307692307
0,0.34279093,0.17307692307692307
1,0.63609636,0.3274336283185841
1,0.5175448,0.38751735416808
1,0.86114573,0.6164383561643836
0,0.16077124,0.05847953216374269
1,0.58359826,0.4411764705882353
0,0.3381196,0.17307692307692307
0,0.18477777,0.05847953216374269
0,0.8222227,0.3274336283185841
0,0.7907282,0.6164383561643836
1,0.37622318,0.17307692307692307
0,0.1292829,0.05847953216374269
0,0.19406052,0.05847953216374269
0,0.23004054,0.11616161616161616
1,0.8881389,0.7241379310344828
0,0.35249248,0.11616161616161616
0,0.28519738,0.11616161616161616
0,0.22576089,0.05847953216374269
0,0.5110538,0.17307692307692307
1,0.639902,0.17307692307692307
0,0.61038226,0.3076923076923077
0,0.32940972,0.11616161616161616
0,0.30364385,0.11616161616161616
0,0.16662104,0.05847953216374269
0,0.10565958,0.0
1,0.4739034,0.3274336283185841
0,0.12009779,0.05847953216374269
0,0.16569225,0.0
0,0.58600235,0.2857142857142857
1,0.81791043,0.6164383561643836
1,0.66308224,0.4782608695652174
1,0.8772964,0.7241379310344828
0,0.4402063,0.11616161616161616
0,0.32623714,0.11616161616161616
1,0.77005446,0.6164383561643836
1,0.83680785,0.6164383561643836
1,0.8338573,0.7241379310344828
0,0.6991744,0.6164383561643836
0,0.6858767,0.3274336283185841
0,0.14624031,0.05847953216374269
0,0.7950244,0.5
1,0.40978876,0.11616161616161616
1,0.6483667,0.4411764705882353
0,0.2948256,0.11616161616161616
1,0.19661288,0.05847953216374269
0,0.6622871,0.3274336283185841
0,0.16741261,0.05847953216374269
1,0.7913395,0.7241379310344828
0,0.16050602,0.05847953216374269
0,0.2542715,0.11616161616161616
1,0.34967762,0.11616161616161616
0,0.8768627,0.6164383561643836
0,0.14785333,0.0
0,0.72531056,0.7241379310344828
1,0.77647614,0.49674261824826804
0,0.1480394,0.05847953216374269
0,0.6785362,0.4782608695652174
0,0.22658008,0.05847953216374269
0,0.3269869,0.17307692307692307
0,0.11952348,0.05847953216374269
0,0.281749,0.11616161616161616
0,0.64993465,0.3274336283185841
1,0.82870895,0.7241379310344828
0,0.15352681,0.0
0,0.12688069,0.0
1,0.67357546,0.5
0,0.24798511,0.05847953216374269
0,0.76225734,0.475
1,0.6546693,0.4782608695652174
0,0.8800965,0.7241379310344828
0,0.4628504,0.3274336283185841
0,0.14562315,0.05847953216374269
0,0.7737236,0.17307692307692307
0,0.23770188,0.05847953216374269
0,0.3234743,0.11616161616161616
1,0.91929907,0.8559353724995746
0,0.31979355,0.11616161616161616
0,0.23819941,0.11616161616161616
0,0.6380644,0.3274336283185841
1,0.843806,0.6164383561643836
1,0.7959199,0.5
0,0.4731585,0.3076923076923077
0,0.16974328,0.05847953216374269
0,0.16717233,0.05847953216374269
0,0.31056187,0.11616161616161616
0,0.46370104,0.3274336283185841
0,0.7173234,0.4411764705882353
1,0.7644105,0.6164383561643836
0,0.6831485,0.475
1,0.8066049,0.6164383561643836
0,0.4975768,0.17307692307692307
1,0.73373985,0.475
0,0.47107628,0.3274336283185841
0,0.262942,0.11616161616161616
0,0.36763597,0.11616161616161616
0,0.32431865,0.11616161616161616
0,0.55017626,0.17307692307692307
0,0.4208366,0.11616161616161616
0,0.45755693,0.3274336283185841
0,0.13793266,0.05847953216374269
1,0.66302764,0.3274336283185841
1,0.33814847,0.11616161616161616
0,0.21128279,0.11616161616161616
1,0.5430547,0.17307692307692307
0,0.58022106,0.3274336283185841
1,0.47600016,0.2857142857142857
1,0.7800379,0.6164383561643836
0,0.27659675,0.11616161616161616
0,0.6960854,0.4782608695652174
0,0.09253268,0.0
0,0.38592517,0.11616161616161616
0,0.12147546,0.05847953216374269
0,0.7660963,0.475
0,0.22372644,0.05847953216374269
0,0.13082348,0.0
0,0.5672858,0.17307692307692307
0,0.57605636,0.2857142857142857
0,0.33926502,0.17307692307692307
0,0.7006463,0.3274336283185841
1,0.7725688,0.6164383561643836
0,0.50547445,0.17307692307692307
0,0.61202866,0.3274336283185841
1,0.60370845,0.17307692307692307
1,0.8235256,0.7241379310344828
0,0.38244385,0.3274336283185841
0,0.5889813,0.3274336283185841
1,0.24426496,0.11616161616161616
1,0.5200262,0.475
0,0.34672675,0.11616161616161616
0,0.1315094,0.0
0,0.111333005,0.05847953216374269
0,0.8393819,0.6164383561643836
0,0.45953065,0.2857142857142857
0,0.22473492,0.05847953216374269
0,0.1249827,0.05847953216374269
0,0.35708696,0.17307692307692307
0,0.54930234,0.17307692307692307
0,0.5952821,0.3274336283185841
0,0.09185415,0.0
0,0.29506662,0.11616161616161616
0,0.46783987,0.17307692307692307
0,0.4524146,0.3274336283185841
1,0.5947559,0.475
1,0.46287176,0.3274336283185841
0,0.11527775,0.05847953216374269
0,0.237339,0.11616161616161616
0,0.25135958,0.11616161616161616
0,0.60438496,0.4782608695652174
1,0.2716283,0.11616161616161616
0,0.44374624,0.11616161616161616
0,0.27593502,0.11616161616161616
1,0.77850163,0.5
0,0.055979546,0.0
0,0.5333887,0.3274336283185841
0,0.7515663,0.5
0,0.03905276,0.0
0,0.19031061,0.05847953216374269
0,0.8456495,0.6164383561643836
0,0.07028041,0.0
0,0.38353294,0.3274336283185841
0,0.22407158,0.0
1,0.41760248,0.17307692307692307
0,0.37738168,0.17307692307692307
0,0.4660918,0.17307692307692307
0,0.5114121,0.17307692307692307
0,0.78112936,0.3274336283185841
1,0.6742794,0.4411764705882353
0,0.3428349,0.17307692307692307
0,0.15027146,0.0
0,0.15422355,0.0
0,0.24790047,0.05847953216374269
0,0.38028216,0.11616161616161616
0,0.15899214,0.05847953216374269
1,0.731945,0.4779084257272714
0,0.41190463,0.11616161616161616
0,0.49750903,0.17307692307692307
0,0.16723618,0.05847953216374269
0,0.76130456,0.7241379310344828
0,0.20910157,0.05847953216374269
0,0.587239,0.4411764705882353
0,0.5814078,0.3274336283185841
0,0.05324267,0.0
1,0.72617936,0.475
0,0.30751905,0.11616161616161616
0,0.41726446,0.4411764705882353
0,0.5525467,0.17307692307692307
0,0.31024483,0.11616161616161616
1,0.79612714,0.8421052631578947
0,0.51733935,0.2857142857142857
0,0.6622201,0.4782608695652174
1,0.8003785,0.7241379310344828
1,0.42673945,0.17307692307692307
0,0.4004692,0.3076923076923077
0,0.26636076,0.11616161616161616
0,0.39922893,0.3076923076923077
1,0.69083333,0.6164383561643836
1,0.7765006,0.6164383561643836
0,0.16405036,0.05847953216374269
0,0.2802075,0.11616161616161616
0,0.16366223,0.05847953216374269
1,0.7890886,0.6164383561643836
0,0.3329088,0.11616161616161616
0,0.077469274,0.0
0,0.49467346,0.17307692307692307
0,0.070428684,0.0
1,0.68351936,0.4782608695652174
0,0.3523378,0.11616161616161616
1,0.76926476,0.8421052631578947
0,0.1254981,0.05847953216374269
0,0.2432357,0.11616161616161616
1,0.83790576,0.6164383561643836
0,0.36629838,0.11616161616161616
0,0.059260152,0.0
1,0.3027629,0.11616161616161616
0,0.5409578,0.17307692307692307
0,0.16497797,0.05847953216374269
0,0.09028736,0.0
0,0.17984001,0.05847953216374269
0,0.41673356,0.17307692307692307
0,0.5415559,0.17307692307692307
0,0.07348234,0.0
1,0.8081529,0.6164383561643836
0,0.03642008,0.0
0,0.49160784,0.3274336283185841
0,0.2074549,0.0
1,0.33443987,0.17307692307692307
0,0.2893107,0.11616161616161616
0,0.17036116,0.05847953216374269
0,0.35458654,0.17307692307692307
0,0.06718066,0.0
1,0.29809386,0.11616161616161616
0,0.33914703,0.11616161616161616
0,0.11180533,0.05847953216374269
0,0.7937826,0.4411764705882353
1,0.30680937,0.11616161616161616
0,0.4680199,0.3274336283185841
0,0.05419581,0.0
0,0.60250044,0.3274336283185841
1,0.74545354,0.7241379310344828
0,0.047453,0.0
0,0.42455378,0.11616161616161616
0,0.4111134,0.17307692307692307
1,0.5651609,0.6164383561643836
0,0.25779665,0.11616161616161616
0,0.29654917,0.17307692307692307
0,0.7240658,0.4411764705882353
1,0.7708417,0.4782608695652174
0,0.30996865,0.11616161616161616
0,0.34132537,0.11616161616161616
0,0.03732483,0.05847953216374269
0,0.102357104,0.0
0,0.20893498,0.05847953216374269
0,0.889344,0.7241379310344828
1,0.766639,0.6164383561643836
1,0.8553929,0.7241379310344828
1,0.32362607,0.2857142857142857
0,0.20483993,0.05847953216374269
0,0.17852275,0.05847953216374269
0,0.07683905,0.0
0,0.0590018,0.0
0,0.20359877,0.0
0,0.061454806,0.0
0,0.435859,0.3274336283185841
0,0.63051206,0.3274336283185841
0,0.40779653,0.05847953216374269
0,0.54263103,0.17307692307692307
0,0.21446884,0.05847953216374269
0,0.71677846,0.4780684045887359
0,0.14303815,0.05847953216374269
1,0.63933736,0.3274336283185841
0,0.31590372,0.11616161616161616
0,0.28474286,0.05847953216374269
0,0.5485443,0.30215076454315365
0,0.44209328,0.4411764705882353
0,0.1736086,0.05847953216374269
1,0.53569794,0.4411764705882353
0,0.6723837,0.3274336283185841
0,0.668825,0.4411764705882353
1,0.48241758,0.3274336283185841
0,0.28793973,0.11616161616161616
1,0.79888034,0.7241379310344828
0,0.17046547,0.05847953216374269
1,0.9013138,0.875
1,0.7621556,0.6164383561643836
1,0.92685497,0.875
0,0.2009977,0.05847953216374269
0,0.12904204,0.05847953216374269
0,0.62938297,0.4411764705882353
0,0.2335999,0.05847953216374269
0,0.33294094,0.11616161616161616
1,0.86549747,0.8421052631578947
1,0.81985885,0.6164383561643836
1,0.7722495,0.6164383561643836
0,0.3583863,0.17307692307692307
0,0.40896186,0.11616161616161616
0,0.22086793,0.11616161616161616
0,0.27091575,0.11616161616161616
0,0.12561041,0.05847953216374269
1,0.35908097,0.17307692307692307
1,0.9087824,0.875
0,0.8985288,0.6164383561643836
0,0.7491833,0.5
1,0.26055506,0.17307692307692307
0,0.14621465,0.05847953216374269
0,0.39860052,0.11616161616161616
1,0.8061499,0.6164383561643836
0,0.45327818,0.3076923076923077
0,0.15639861,0.0
1,0.79984885,0.7241379310344828
0,0.052317202,0.0
0,0.14780802,0.05847953216374269
0,0.7741527,0.4411764705882353
0,0.75273454,0.6164383561643836
0,0.47853723,0.17307692307692307
0,0.19240077,0.05847953216374269
0,0.2903294,0.05847953216374269
0,0.22200039,0.05847953216374269
0,0.088217966,0.0
0,0.5296852,0.17307692307692307
0,0.77057874,0.6164383561643836
1,0.50492346,0.4411764705882353
1,0.6656152,0.3274336283185841
1,0.8252831,0.6164383561643836
1,0.6467886,0.3274336283185841
0,0.41844782,0.17307692307692307
0,0.104067095,0.0
0,0.5817822,0.17307692307692307
1,0.59714365,0.6164383561643836
1,0.73039836,0.4411764705882353
1,0.7789841,0.6164383561643836
0,0.15021326,0.0
1,0.20635155,0.05847953216374269
0,0.18655485,0.05847953216374269
0,0.773468,0.475
0,0.09965081,0.0
0,0.031997632,0.0
0,0.71657526,0.4782608695652174
0,0.659902,0.3274336283185841
0,0.7376276,0.4411764705882353
0,0.3067361,0.11616161616161616
0,0.6151215,0.2857142857142857
0,0.663438,0.3274336283185841
0,0.6198417,0.4411764705882353
0,0.19379593,0.05847953216374269
1,0.731706,0.6164383561643836
1,0.55280626,0.4411764705882353
0,0.3794261,0.11616161616161616
0,0.2714943,0.11616161616161616
1,0.45733505,0.17307692307692307
0,0.03807796,0.0
0,0.36868516,0.11616161616161616
0,0.8423076,0.6164383561643836
0,0.40610334,0.11616161616161616
0,0.23149377,0.05847953216374269
0,0.38773608,0.11616161616161616
0,0.45289204,0.475
0,0.14809364,0.0
0,0.2965666,0.05847953216374269
0,0.10711605,0.0
0,0.12931393,0.05847953216374269
0,0.6220258,0.3274336283185841
0,0.075555116,0.0
1,0.4498424,0.5
1,0.591199,0.4411764705882353
0,0.6163951,0.475
0,0.18754248,0.05847953216374269
0,0.23543917,0.11616161616161616
0,0.5010724,0.2857142857142857
0,0.1621843,0.0
1,0.76876205,0.5
0,0.20388639,0.05847953216374269
0,0.33146694,0.17307692307692307
1,0.6703321,0.4411764705882353
0,0.6805841,0.3274336283185841
0,0.6724101,0.5
0,0.60137784,0.3274336283185841
1,0.89451563,0.8421052631578947
0,0.32667133,0.11616161616161616
0,0.11526699,0.05847953216374269
0,0.67461747,0.3274336283185841
1,0.748369,0.7241379310344828
1,0.8601531,0.7241379310344828
1,0.77312255,0.6164383561643836
0,0.075646326,0.0
0,0.3091201,0.11616161616161616
0,0.1750339,0.05847953216374269
0,0.30998692,0.11616161616161616
1,0.8766893,0.8421052631578947
0,0.61517304,0.3274336283185841
0,0.5078171,0.17307692307692307
0,0.8317125,0.7241379310344828
0,0.30987036,0.11616161616161616
1,0.65597135,0.3274336283185841
1,0.86643267,0.8421052631578947
0,0.2458161,0.11616161616161616
0,0.4262663,0.17307692307692307
0,0.31990698,0.11616161616161616
0,0.23108062,0.05847953216374269
0,0.16357857,0.05847953216374269
1,0.7127503,0.475
0,0.2857518,0.11616161616161616
1,0.8468919,0.6164383561643836
0,0.03304292,0.0
1,0.7969781,0.6164383561643836
0,0.089274205,0.0
0,0.73493886,0.5
0,0.49788788,0.17307692307692307
0,0.680887,0.6164383561643836
0,0.07516899,0.0
0,0.24173743,0.11616161616161616
1,0.45378044,0.3274336283185841
0,0.21272236,0.05847953216374269
1,0.8700012,0.8421052631578947
0,0.10279659,0.0
1,0.83621955,0.7241379310344828
0,0.16068453,0.05847953216374269
0,0.30959046,0.11616161616161616
0,0.11874194,0.05847953216374269
0,0.2916113,0.11616161616161616
0,0.7162782,0.475
0,0.21397477,0.05847953216374269
0,0.30395475,0.05847953216374269
0,0.648402,0.4411764705882353
0,0.06718066,0.0
0,0.226397,0.05847953216374269
0,0.20797522,0.0
1,0.8040144,0.7241379310344828
0,0.4090012,0.11616161616161616
0,0.47200286,0.17307692307692307
0,0.38689065,0.3274336283185841
1,0.54289615,0.3274336283185841
0,0.6495135,0.3274336283185841
0,0.40324554,0.17307692307692307
0,0.0630224,0.0
0,0.1311618,0.05847953216374269
0,0.3870822,0.17307692307692307
0,0.15421349,0.05847953216374269
1,0.8914535,0.8400152713793956
1,0.47695473,0.17307692307692307
0,0.43914214,0.17307692307692307
1,0.7522413,0.6164383561643836
0,0.07957449,0.0
0,0.502439,0.4782608695652174
1,0.70067173,0.4782608695652174
1,0.35317117,0.11616161616161616
0,0.27960157,0.11616161616161616
0,0.55743366,0.4411764705882353
0,0.6204922,0.17307692307692307
0,0.472067,0.3076923076923077
1,0.57214546,0.3274336283185841
1,0.10960013,0.5
1,0.8003573,0.7241379310344828
0,0.42944393,0.11616161616161616
0,0.44077963,0.17307692307692307
0,0.16098225,0.05847953216374269
1,0.56466526,0.4411764705882353
0,0.1842374,0.05847953216374269
1,0.8988637,0.8421052631578947
1,0.4654165,0.17307692307692307
1,0.23594868,0.11616161616161616
1,0.8195337,0.8421052631578947
0,0.06103272,0.0
0,0.22484553,0.05847953216374269
1,0.7714181,0.6164383561643836
1,0.81698513,0.6164383561643836
0,0.64846563,0.3274336283185841
0,0.13251472,0.0
0,0.40041476,0.17307692307692307
0,0.08396177,0.0
0,0.5721007,0.17307692307692307
0,0.065820344,0.0
0,0.2248034,0.05847953216374269
1,0.8099004,0.7241379310344828
0,0.6232213,0.2857142857142857
0,0.3836485,0.11616161616161616
0,0.8884702,0.7241379310344828
0,0.3834994,0.17307692307692307
0,0.5816097,0.4411764705882353
0,0.7214751,0.4411764705882353
0,0.1736649,0.0
0,0.1529963,0.0
0,0.5244763,0.17307692307692307
1,0.74855334,0.6164383561643836
0,0.46376604,0.17307692307692307
0,0.5728198,0.17307692307692307
1,0.91386664,0.875
1,0.8384349,0.8421052631578947
0,0.41432455,0.11616161616161616
0,0.11506417,0.05847953216374269
0,0.4741883,0.3076923076923077
0,0.2589492,0.05847953216374269
0,0.47242367,0.17307692307692307
1,0.5069729,0.3274336283185841
1,0.75097704,0.6164383561643836
0,0.8086884,0.4411764705882353
0,0.23782253,0.11616161616161616
0,0.6391307,0.3274336283185841
1,0.6756681,0.8421052631578947
1,0.900914,0.7241379310344828
0,0.04998334,0.0
0,0.23727247,0.11616161616161616
1,0.6882019,0.6164383561643836
0,0.82488984,0.6164383561643836
0,0.72859216,0.6164383561643836
0,0.47669783,0.17307692307692307
1,0.6948842,0.4411764705882353
0,0.098088175,0.0
0,0.2216134,0.05847953216374269
0,0.22021317,0.0
1,0.8149836,0.7241379310344828
0,0.46656197,0.17307692307692307
0,0.32959715,0.11616161616161616
0,0.31545544,0.17307692307692307
1,0.7562441,0.5
0,0.25714567,0.05847953216374269
0,0.85137624,0.6164383561643836
0,0.3755825,0.17307692307692307
0,0.27271175,0.11616161616161616
1,0.863554,0.7241379310344828
1,0.83695054,0.6164383561643836
0,0.28487998,0.11616161616161616
0,0.5424917,0.3274336283185841
0,0.07418723,0.0
0,0.24642682,0.11616161616161616
0,0.39010513,0.11616161616161616
0,0.04132026,0.0
0,0.23139925,0.05847953216374269
0,0.6046839,0.3274336283185841
1,0.85755414,0.7241379310344828
0,0.23741476,0.05847953216374269
0,0.46627265,0.17307692307692307
1,0.401291,0.17307692307692307
0,0.16986354,0.05847953216374269
0,0.31216928,0.11616161616161616
0,0.6412791,0.4411764705882353
1,0.88521737,0.7241379310344828
0,0.036664777,0.0
1,0.7883892,0.6164383561643836
0,0.03868465,0.0
0,0.24417195,0.05847953216374269
0,0.07870903,0.0
0,0.66677547,0.4411764705882353
1,0.9200653,0.875
0,0.079723835,0.0
0,0.056408633,0.0
0,0.060615417,0.0
0,0.82210267,0.6164383561643836
0,0.21293285,0.05847953216374269
1,0.79805076,0.6164383561643836
1,0.7584499,0.4411764705882353
1,0.40269732,0.11616161616161616
0,0.5996454,0.3274336283185841
0,0.57735926,0.3274336283185841
0,0.717054,0.5
0,0.189422,0.05847953216374269
0,0.1932849,0.0
0,0.06656503,0.0
0,0.3660988,0.17307692307692307
0,0.37109125,0.11616161616161616
1,0.7952013,0.8333333333333334
0,0.2277206,0.11616161616161616
0,0.45854583,0.3076923076923077
0,0.90273106,0.6164383561643836
0,0.6091621,0.17307692307692307
0,0.3318862,0.11616161616161616
1,0.91107863,0.8421052631578947
0,0.23099643,0.05847953216374269
1,0.6891984,0.6164383561643836
0,0.19057019,0.0
0,0.337096,0.3076923076923077
0,0.05841403,0.0
1,0.54371804,0.3274336283185841
0,0.30044118,0.17307692307692307
1,0.6928878,0.5
1,0.67257464,0.4782608695652174
0,0.17423457,0.05847953216374269
0,0.1737607,0.05847953216374269
0,0.12126276,0.0
0,0.50750697,0.17307692307692307
0,0.37314108,0.11616161616161616
0,0.06630531,0.0
0,0.06075253,0.0
0,0.505612,0.3274336283185841
0,0.7185502,0.4411764705882353
0,0.22938323,0.11616161616161616
0,0.31618246,0.11616161616161616
0,0.23582801,0.05847953216374269
0,0.12484244,0.05847953216374269
1,0.7920954,0.5
1,0.16826847,0.05847953216374269
1,0.4610135,0.17307692307692307
1,0.8033807,0.7241379310344828
1,0.37741306,0.3274336283185841
0,0.10825785,0.0
1,0.8747355,0.8421052631578947
0,0.6329895,0.17307692307692307
0,0.1397477,0.05847953216374269
1,0.5349846,0.4411764705882353
0,0.28100452,0.05847953216374269
0,0.17638901,0.0
0,0.72347885,0.4782608695652174
0,0.0912388,0.0
0,0.06480417,0.0
1,0.84593606,0.6164383561643836
0,0.34681976,0.11616161616161616
0,0.09653131,0.0
1,0.37265193,0.17307692307692307
0,0.75911003,0.4411764705882353
0,0.6171444,0.475
1,0.59544814,0.4411764705882353
1,0.34002638,0.17307692307692307
0,0.1789462,0.05847953216374269
1,0.79955995,0.6164383561643836
1,0.7034826,0.4411764705882353
1,0.64297557,0.5
0,0.23889558,0.05847953216374269
1,0.8468242,0.6164383561643836
0,0.2505116,0.11616161616161616
0,0.16151385,0.05847953216374269
1,0.68235826,0.6164383561643836
0,0.21119988,0.05847953216374269
1,0.7409214,0.8421052631578947
0,0.31064355,0.11616161616161616
0,0.7405188,0.48760416140772633
0,0.59586704,0.4411764705882353
0,0.60557723,0.3274336283185841
0,0.34065348,0.11616161616161616
1,0.7510585,0.4411764705882353
0,0.069180846,0.0
0,0.24965037,0.05847953216374269
1,0.5968905,0.4411764705882353
1,0.50260484,0.4782608695652174
1,0.88186705,0.7241379310344828
1,0.7274569,0.4411764705882353
0,0.15390725,0.05847953216374269
0,0.27205953,0.11616161616161616
1,0.54061013,0.3274336283185841
0,0.40233287,0.11616161616161616
0,0.31534114,0.05847953216374269
0,0.05453068,0.0
1,0.2431555,0.11616161616161616
0,0.12784892,0.05847953216374269
0,0.3724798,0.3274336283185841
0,0.24648967,0.05847953216374269
0,0.59669894,0.4411764705882353
0,0.082436524,0.0
1,0.8409909,0.6164383561643836
0,0.65682757,0.3274336283185841
1,0.7667335,0.6164383561643836
0,0.051680014,0.0
0,0.40300974,0.11616161616161616
0,0.23173416,0.05847953216374269
1,0.60769933,0.4411764705882353
0,0.54029953,0.17307692307692307
0,0.25142744,0.11616161616161616
0,0.049765036,0.0
0,0.5310882,0.17307692307692307
0,0.23056586,0.05847953216374269
0,0.3687963,0.11616161616161616
0,0.1495571,0.05847953216374269
1,0.84482545,0.6164383561643836
0,0.34900922,0.11616161616161616
0,0.8607621,0.4411764705882353
0,0.61858124,0.3274336283185841
0,0.20710382,0.05847953216374269
0,0.35015017,0.11616161616161616
0,0.15428333,0.05847953216374269
0,0.5629749,0.4411764705882353
1,0.84123,0.7241379310344828
1,0.46866313,0.3274336283185841
0,0.38013998,0.11616161616161616
0,0.38804847,0.11616161616161616
0,0.26318485,0.11616161616161616
0,0.10434878,0.0
0,0.2112401,0.0
1,0.66016626,0.4411764705882353
1,0.7702407,0.6164383561643836
0,0.06484848,0.0
0,0.2855263,0.05847953216374269
0,0.46553734,0.17307692307692307
1,0.8900473,0.8421052631578947
0,0.07228986,0.0
0,0.85079354,0.6164383561643836
0,0.22360961,0.05847953216374269
0,0.35760242,0.17307692307692307
1,0.501204,0.17307692307692307
0,0.52818704,0.4411764705882353
1,0.56251514,0.3274336283185841
1,0.7158674,0.475
1,0.7269641,0.4782608695652174
0,0.27486643,0.11616161616161616
0,0.06864127,0.0
0,0.80117226,0.3274336283185841
1,0.77061963,0.7241379310344828
0,0.47744206,0.17307692307692307
1,0.7413051,0.5
0,0.32173365,0.11616161616161616
0,0.37044048,0.2857142857142857
0,0.6000862,0.3274336283185841
0,0.23897098,0.05847953216374269
0,0.45822734,0.17307692307692307
0,0.31232366,0.3076923076923077
0,0.17434546,0.05847953216374269
1,0.8417084,0.6164383561643836
0,0.27614838,0.11616161616161616
0,0.18902218,0.05847953216374269
1,0.88372886,0.8421052631578947
0,0.20982896,0.05847953216374269
0,0.7445125,0.475
0,0.58366776,0.3274336283185841
0,0.03000012,0.0
0,0.4329274,0.17307692307692307
0,0.07758208,0.0
0,0.56126916,0.17307692307692307
0,0.20734926,0.05847953216374269
0,0.21225157,0.05847953216374269
0,0.1816997,0.05847953216374269
1,0.82685477,0.8378623836960204
1,0.8162133,0.7241379310344828
0,0.32231992,0.05847953216374269
1,0.8982229,0.8421052631578947
0,0.6099413,0.3274336283185841
0,0.055791482,0.0
1,0.83631486,0.6164383561643836
0,0.2881795,0.11616161616161616
0,0.25880697,0.05847953216374269
0,0.543479,0.3076923076923077
1,0.3743237,0.11616161616161616
1,0.9242712,0.875
0,0.20932467,0.05847953216374269
0,0.6460291,0.475
0,0.024390401,0.0
1,0.31722412,0.17307692307692307
0,0.20298369,0.11616161616161616
0,0.4313834,0.11616161616161616
0,0.23121472,0.05847953216374269
0,0.36495236,0.05847953216374269
0,0.734212,0.17307692307692307
0,0.28403255,0.11616161616161616
1,0.6822728,0.6164383561643836
0,0.15187892,0.05847953216374269
0,0.22506556,0.05847953216374269
1,0.22277525,0.17307692307692307
1,0.70610446,0.6164383561643836
0,0.65954375,0.4411764705882353
0,0.3021873,0.17307692307692307
0,0.7343738,0.4411764705882353
0,0.09996305,0.0
1,0.8131839,0.6164383561643836
0,0.431287,0.11616161616161616
0,0.43281215,0.11616161616161616
1,0.69331384,0.475
0,0.3522525,0.11616161616161616
0,0.33303005,0.11616161616161616
0,0.20949656,0.05847953216374269
0,0.37533826,0.11616161616161616
0,0.042983428,0.0
0,0.41820142,0.17307692307692307
0,0.081245445,0.0
0,0.15321383,0.05847953216374269
1,0.73344445,0.4782608695652174
0,0.030872079,0.0
0,0.53866684,0.3274336283185841
1,0.6882019,0.6164383561643836
0,0.66006255,0.3274336283185841
0,0.8084436,0.6164383561643836
0,0.24263227,0.05847953216374269
1,0.8380136,0.7241379310344828
0,0.057949167,0.0
0,0.4102753,0.17307692307692307
0,0.07331229,0.0
0,0.628099,0.3274336283185841
0,0.6044191,0.4411764705882353
0,0.1185305,0.0
0,0.2629952,0.11616161616161616
0,0.7116637,0.6164383561643836
0,0.77405953,0.4411764705882353
0,0.13525331,0.05847953216374269
0,0.24116965,0.11616161616161616
0,0.08503195,0.0
0,0.52253747,0.17307692307692307
0,0.19736557,0.05847953216374269
0,0.05732597,0.0
1,0.626593,0.3274336283185841
0,0.16339868,0.05847953216374269
1,0.6033424,0.3274336283185841
1,0.7411612,0.6164383561643836
1,0.50470626,0.3076923076923077
0,0.34524682,0.17307692307692307
0,0.037469145,0.0
1,0.34032866,0.17307692307692307
0,0.46011975,0.3274336283185841
0,0.342157,0.17307692307692307
0,0.51043653,0.17307692307692307
0,0.2986453,0.11616161616161616
0,0.02341509,0.0
1,0.8982229,0.8421052631578947
0,0.6199932,0.3274336283185841
0,0.12174212,0.0
0,0.51979816,0.11616161616161616
0,0.16261975,0.05847953216374269
0,0.28366497,0.11616161616161616
0,0.45368958,0.17307692307692307
1,0.3824591,0.3076923076923077
1,0.8349935,0.7241379310344828
0,0.52381,0.17307692307692307
1,0.82501984,0.7241379310344828
0,0.6855068,0.3274336283185841
0,0.7411976,0.4782608695652174
0,0.6253725,0.11616161616161616
0,0.22866072,0.05847953216374269
0,0.7917639,0.4782608695652174
1,0.8025056,0.6164383561643836
0,0.13780838,0.05847953216374269
0,0.72042036,0.4411764705882353
1,0.5561092,0.3274336283185841
0,0.18435146,0.05847953216374269
0,0.47624654,0.3274336283185841
0,0.40428367,0.17307692307692307
0,0.083089136,0.0
0,0.12147898,0.05847953216374269
0,0.76667315,0.7241379310344828
0,0.7304405,0.6164383561643836
1,0.37312824,0.17307692307692307
1,0.79813796,0.7241379310344828
0,0.30756631,0.11616161616161616
1,0.55694276,0.3274336283185841
0,0.4192092,0.11616161616161616
0,0.12266685,0.05847953216374269
0,0.37180242,0.11616161616161616
0,0.27714488,0.11616161616161616
1,0.8790049,0.7241379310344828
0,0.16621692,0.05847953216374269
0,0.26917008,0.11616161616161616
1,0.7649193,0.5
1,0.54928756,0.475
0,0.38125622,0.17307692307692307
0,0.3596039,0.17307692307692307
0,0.62766886,0.11616161616161616
0,0.17157604,0.05847953216374269
0,0.7831178,0.3274336283185841
1,0.3564405,0.11616161616161616
1,0.37036136,0.11616161616161616
0,0.59453356,0.4411764705882353
1,0.90769064,0.875
0,0.5695832,0.4411764705882353
1,0.8768627,0.6164383561643836
0,0.050370887,0.0
1,0.80900097,0.7241379310344828
1,0.38360026,0.3274336283185841
1,0.84393793,0.7241379310344828
0,0.5016235,0.17307692307692307
1,0.46896464,0.17307692307692307
1,0.8930205,0.875
0,0.16675813,0.11616161616161616
0,0.7639552,0.6164383561643836
1,0.8683728,0.8421052631578947
0,0.03849181,0.0
1,0.7522346,0.6164383561643836
1,0.81157005,0.7241379310344828
1,0.7818018,0.7241379310344828
0,0.6593548,0.17307692307692307
0,0.17589608,0.05847953216374269
1,0.77026635,0.6164383561643836
0,0.4454867,0.17307692307692307
0,0.6282232,0.3274336283185841
0,0.7094483,0.4782608695652174
0,0.6590187,0.3274336283185841
0,0.12362128,0.0
0,0.16286123,0.05847953216374269
0,0.48847866,0.3274336283185841
0,0.6155094,0.475
0,0.38988605,0.17307692307692307
1,0.45992005,0.17307692307692307
0,0.09308376,0.0
1,0.4569959,0.4411764705882353
0,0.21728073,0.05847953216374269
1,0.27271175,0.11616161616161616
0,0.30108774,0.11616161616161616
0,0.26150617,0.05847953216374269
0,0.120454915,0.05847953216374269
1,0.83300215,0.6164383561643836
1,0.6587217,0.4411764705882353
1,0.89541936,0.875
0,0.06504627,0.0
0,0.78557587,0.17307692307692307
0,0.6818889,0.4411764705882353
0,0.16777073,0.05847953216374269
0,0.24118365,0.11616161616161616
0,0.4830413,0.17307692307692307
0,0.45289204,0.475
0,0.54686284,0.17307692307692307
1,0.337096,0.3076923076923077
0,0.3113583,0.11616161616161616
1,0.8592189,0.7241379310344828
0,0.6270725,0.3076923076923077
1,0.871724,0.8382323722977193
0,0.49386555,0.20233204300308452
0,0.29460877,0.05847953216374269
0,0.026283529,0.0
0,0.3503884,0.11616161616161616
1,0.65898716,0.3076923076923077
0,0.10552059,0.0
0,0.3498329,0.11616161616161616
0,0.19928169,0.05847953216374269
0,0.1454845,0.05847953216374269
0,0.5506523,0.17307692307692307
0,0.23946486,0.11616161616161616
0,0.19359018,0.11616161616161616
1,0.7573441,0.5
1,0.6057248,0.475
0,0.6339294,0.5
0,0.5385475,0.4411764705882353
1,0.59844005,0.4411764705882353
0,0.33371675,0.11616161616161616
0,0.20662102,0.05847953216374269
0,0.36213624,0.3274336283185841
0,0.7035141,0.4411764705882353
0,0.5718276,0.3274336283185841
0,0.79614544,0.6164383561643836
1,0.85378957,0.7241379310344828
0,0.25891712,0.05847953216374269
1,0.810547,0.7241379310344828
1,0.7639552,0.6164383561643836
0,0.48908657,0.17307692307692307
1,0.28890824,0.11616161616161616
0,0.38715905,0.17307692307692307
0,0.20659791,0.05847953216374269
0,0.4424938,0.17307692307692307
1,0.8328807,0.8421052631578947
1,0.7966095,0.6164383561643836
0,0.332053,0.05847953216374269
0,0.67063093,0.475
0,0.22570817,0.11616161616161616
0,0.42312834,0.11616161616161616
0,0.74954605,0.4411764705882353
0,0.8901712,0.475
0,0.09284371,0.0
0,0.3558656,0.17307692307692307
1,0.8199949,0.7241379310344828
1,0.7338263,0.8395740148582511
0,0.122216366,0.05847953216374269
0,0.25613657,0.05847953216374269
0,0.03935653,0.0
0,0.2781738,0.05847953216374269
0,0.2796596,0.11616161616161616
0,0.2681299,0.11616161616161616
1,0.7648119,0.8421052631578947
0,0.06421055,0.0
0,0.10419459,0.0
0,0.24814403,0.05847953216374269
0,0.43435422,0.11616161616161616
0,0.53753376,0.17307692307692307
0,0.34493682,0.11616161616161616
0,0.6670164,0.3274336283185841
0,0.29686972,0.11616161616161616
0,0.20982896,0.05847953216374269
0,0.51309276,0.2857142857142857
0,0.5748439,0.3274336283185841
0,0.028803738,0.0
0,0.44372562,0.11616161616161616
0,0.21590267,0.05847953216374269
0,0.08033157,0.0
0,0.37741306,0.3274336283185841
1,0.5640873,0.6164383561643836
0,0.21522877,0.05847953216374269
0,0.38953915,0.11616161616161616
0,0.09387222,0.0
0,0.22445361,0.05847953216374269
0,0.082214616,0.0
0,0.7642499,0.5
0,0.816713,0.6164383561643836
1,0.8757092,0.8421052631578947
0,0.09594296,0.0
0,0.242847,0.11616161616161616
1,0.9104487,0.875
0,0.4418757,0.3076923076923077
0,0.15804522,0.05847953216374269
1,0.80618775,0.7241379310344828
1,0.6330217,0.17307692307692307
1,0.8656441,0.8333333333333334
0,0.08715706,0.0
1,0.44080365,0.17307692307692307
0,0.16036743,0.05847953216374269
0,0.7212213,0.475
0,0.1109239,0.05847953216374269
1,0.66852117,0.17307692307692307
0,0.58439666,0.3274336283185841
0,0.18465152,0.05847953216374269
0,0.115766525,0.05847953216374269
0,0.08022085,0.0
0,0.17247324,0.05847953216374269
0,0.059678126,0.0
0,0.31157014,0.11616161616161616
0,0.13638175,0.0
0,0.5713616,0.3274336283185841
1,0.61477846,0.3274336283185841
0,0.43005383,0.17307692307692307
1,0.83154565,0.7241379310344828
0,0.3652737,0.17307692307692307
0,0.22136132,0.05847953216374269
0,0.34126377,0.11616161616161616
0,0.041910183,0.0
0,0.038940307,0.0
0,0.08410866,0.0
0,0.24505655,0.05847953216374269
0,0.5753344,0.3274336283185841
0,0.5432679,0.3274336283185841
0,0.33807957,0.11616161616161616
1,0.7524674,0.8421052631578947
0,0.24648967,0.05847953216374269
1,0.7460123,0.8421052631578947
0,0.2740464,0.11616161616161616
0,0.1634399,0.05847953216374269
0,0.2690954,0.11616161616161616
0,0.03239586,0.0
0,0.24057098,0.11616161616161616
0,0.17881677,0.05847953216374269
0,0.75131786,0.6164383561643836
0,0.16501199,0.05847953216374269
0,0.5328297,0.31919411842933065
0,0.27476373,0.11616161616161616
0,0.43135735,0.11616161616161616
1,0.58352256,0.4411764705882353
0,0.09996305,0.0
1,0.65844464,0.4411764705882353
0,0.6523789,0.4411764705882353
1,0.71074563,0.4782608695652174
0,0.5776528,0.17307692307692307
0,0.2737836,0.05847953216374269
0,0.47020206,0.3274336283185841
0,0.4138794,0.17307692307692307
0,0.06638728,0.0
1,0.67661655,0.475
0,0.28366497,0.11616161616161616
1,0.36213624,0.3274336283185841
0,0.8612893,0.6164383561643836
0,0.261145,0.11616161616161616
0,0.22689532,0.11616161616161616
0,0.13593344,0.0
0,0.7302574,0.49335415235655067
1,0.7622383,0.5
0,0.17619841,0.0
0,0.45867687,0.3274336283185841
0,0.30579954,0.11616161616161616
0,0.26516387,0.11616161616161616
1,0.7363671,0.475
1,0.9045318,0.875
0,0.026483888,0.0
0,0.34346834,0.11616161616161616
0,0.031773698,0.0
1,0.7048689,0.4411764705882353
0,0.6141662,0.3274336283185841
0,0.52573335,0.17307692307692307
0,0.7357683,0.475
0,0.28315574,0.11616161616161616
0,0.38111785,0.17307692307692307
0,0.8173312,0.6164383561643836
0,0.11825022,0.05847953216374269
0,0.35838947,0.17307692307692307
0,0.595155,0.3274336283185841
1,0.84599817,0.8421052631578947
0,0.19310221,0.0
0,0.73496974,0.475
0,0.6198594,0.3274336283185841
1,0.4807194,0.17307692307692307
1,0.7874195,0.7241379310344828
0,0.7598702,0.5
1,0.6645086,0.3274336283185841
0,0.34161332,0.17307692307692307
0,0.4226629,0.2857142857142857
0,0.023792794,0.0
0,0.5352026,0.17307692307692307
1,0.8494266,0.8333333333333334
0,0.18032666,0.05847953216374269
0,0.72834754,0.6164383561643836
0,0.6121861,0.3274336283185841
0,0.41267824,0.17307692307692307
1,0.6116972,0.4411764705882353
1,0.5674411,0.3274336283185841
0,0.10994779,0.05847953216374269
0,0.8430633,0.4411764705882353
0,0.101082675,0.05847953216374269
0,0.06416717,0.0
1,0.7818151,0.475
0,0.83467007,0.6164383561643836
0,0.6176945,0.3274336283185841
1,0.14349824,0.05847953216374269
1,0.38353294,0.3274336283185841
0,0.64091134,0.3274336283185841
1,0.38689065,0.3274336283185841
0,0.30238828,0.17307692307692307
1,0.48465195,0.17307692307692307
0,0.13689381,0.05847953216374269
0,0.27271175,0.11616161616161616
1,0.72643197,0.6164383561643836
0,0.099944875,0.0
0,0.030962648,0.0
0,0.25112,0.05847953216374269
1,0.39530534,0.17307692307692307
1,0.66438395,0.4411764705882353
0,0.38689065,0.3274336283185841
1,0.37741306,0.3274336283185841
1,0.5623008,0.6164383561643836
0,0.2962207,0.3274336283185841
0,0.30497265,0.11616161616161616
0,0.2474658,0.0
0,0.37308457,0.17307692307692307
0,0.037445914,0.0
0,0.44702166,0.3076923076923077
0,0.5867976,0.17307692307692307
0,0.6608951,0.4411764705882353
0,0.2662952,0.11616161616161616
1,0.7634728,0.7241379310344828
0,0.17041278,0.05847953216374269
1,0.7455548,0.6164383561643836
0,0.7857952,0.4411764705882353
0,0.051835574,0.0
0,0.13285568,0.0
0,0.35745788,0.11616161616161616
0,0.05994365,0.0
1,0.8459275,0.8421052631578947
1,0.9003299,0.6164383561643836
0,0.3168408,0.11616161616161616
0,0.2805302,0.11616161616161616
0,0.64185697,0.17307692307692307
1,0.8090269,0.6164383561643836
0,0.123962656,0.0
0,0.27817443,0.11616161616161616
0,0.16679619,0.05847953216374269
1,0.5253023,0.3274336283185841
0,0.61927116,0.4411764705882353
0,0.20446517,0.11616161616161616
0,0.1765897,0.05847953216374269
1,0.76821625,0.8421052631578947
0,0.034756713,0.05847953216374269
0,0.23429981,0.11616161616161616
0,0.26075864,0.11616161616161616
0,0.6516291,0.2857142857142857
0,0.34831563,0.17307692307692307
0,0.19950025,0.05847953216374269
0,0.14317268,0.05847953216374269
0,0.27827242,0.05847953216374269
0,0.2929057,0.11616161616161616
0,0.488994,0.17307692307692307
1,0.8770037,0.7241379310344828
0,0.11823701,0.05847953216374269
1,0.8836154,0.8421052631578947
1,0.7041634,0.4411764705882353
1,0.30705616,0.11616161616161616
0,0.4346975,0.3274336283185841
1,0.7601399,0.8421052631578947
0,0.04814468,0.0
0,0.117041185,0.05847953216374269
0,0.15303293,0.0
0,0.20642576,0.05847953216374269
1,0.77061963,0.7241379310344828
1,0.43722597,0.3274336283185841
1,0.63314956,0.3274336283185841
0,0.40710548,0.11616161616161616
1,0.80448455,0.6164383561643836
0,0.55449224,0.17307692307692307
0,0.836473,0.6164383561643836
0,0.3115498,0.05847953216374269
1,0.2962207,0.3274336283185841
1,0.8179726,0.8421052631578947
0,0.19720468,0.05847953216374269
0,0.6465013,0.4411764705882353
0,0.4477097,0.3274336283185841
0,0.4227044,0.17307692307692307
0,0.1393455,0.05847953216374269
0,0.40436286,0.17307692307692307
0,0.4998755,0.3076923076923077
0,0.61679584,0.3274336283185841
0,0.31951296,0.11616161616161616
1,0.6007736,0.3274336283185841
1,0.41321966,0.11616161616161616
0,0.7445118,0.5
0,0.36616892,0.11616161616161616
1,0.7543564,0.6164383561643836
0,0.2641499,0.11616161616161616
1,0.60738784,0.4411764705882353
0,0.8088747,0.7241379310344828
1,0.5488091,0.4411764705882353
0,0.578691,0.2857142857142857
0,0.18503971,0.05847953216374269
0,0.7007326,0.7241379310344828
0,0.18267144,0.05847953216374269
0,0.028289001,0.05847953216374269
0,0.22569881,0.05847953216374269
0,0.46160868,0.17307692307692307
1,0.54927063,0.4411764705882353
1,0.8627695,0.8421052631578947
1,0.77245784,0.7241379310344828
0,0.5213839,0.17307692307692307
1,0.54071844,0.3274336283185841
0,0.099556774,0.05847953216374269
0,0.7640107,0.7241379310344828
0,0.18271928,0.05847953216374269
1,0.30432764,0.17307692307692307
0,0.40705398,0.17307692307692307
1,0.7393229,0.3274336283185841
0,0.2379062,0.11616161616161616
0,0.27278438,0.11616161616161616
1,0.42194083,0.17307692307692307
0,0.88178813,0.475
1,0.81156856,0.6164383561643836
1,0.64660287,0.5
0,0.23614398,0.11616161616161616
1,0.18673466,0.05847953216374269
0,0.089222245,0.0
0,0.122004576,0.05847953216374269
0,0.3788956,0.17307692307692307
1,0.78160703,0.7241379310344828
0,0.1729434,0.0
0,0.06377936,0.0
0,0.37006748,0.11616161616161616
1,0.844772,0.8421052631578947
1,0.8382609,0.8336358471449679
0,0.727006,0.3274336283185841
0,0.4451409,0.11616161616161616
0,0.7165053,0.4782608695652174
0,0.25034544,0.11616161616161616
0,0.10976399,0.05847953216374269
1,0.2228456,0.17307692307692307
0,0.33667862,0.11616161616161616
0,0.35759938,0.11616161616161616
1,0.37994125,0.11616161616161616
0,0.7347311,0.475
0,0.20620115,0.05847953216374269
0,0.09889167,0.0
0,0.26697096,0.11616161616161616
1,0.861478,0.6164383561643836
1,0.8703017,0.8421052631578947
1,0.47155967,0.3274336283185841
0,0.19073817,0.05847953216374269
0,0.14610352,0.05847953216374269
1,0.19481826,0.11616161616161616
0,0.53386766,0.4411764705882353
1,0.38689065,0.3274336283185841
0,0.2158901,0.05847953216374269
0,0.29285184,0.11616161616161616
1,0.71031904,0.4782608695652174
0,0.55567133,0.3274336283185841
0,0.37512767,0.11616161616161616
1,0.79123545,0.5
0,0.20777383,0.11616161616161616
0,0.27139336,0.11616161616161616
0,0.61665857,0.17307692307692307
0,0.054949183,0.0
1,0.67324203,0.4782608695652174
0,0.061608043,0.0
0,0.06764054,0.0
0,0.16968632,0.05847953216374269
1,0.8177231,0.7241379310344828
0,0.20329705,0.05847953216374269
0,0.23311312,0.05847953216374269
1,0.7556045,0.8421052631578947
0,0.72645324,0.4782608695652174
0,0.6995574,0.4411764705882353
0,0.2667218,0.11616161616161616
0,0.42602402,0.17307692307692307
0,0.23528503,0.11616161616161616
0,0.027090443,0.0
0,0.20177913,0.05847953216374269
1,0.51019293,0.3274336283185841
0,0.14415194,0.0
0,0.6693753,0.4782608695652174
0,0.72854483,0.4411764705882353
0,0.19916277,0.05847953216374269
0,0.41873974,0.05847953216374269
0,0.39815688,0.11616161616161616
0,0.52497476,0.3274336283185841
0,0.25650457,0.05847953216374269
0,0.11705424,0.0
0,0.35851243,0.3274336283185841
0,0.35645464,0.17307692307692307
0,0.5022017,0.3274336283185841
0,0.2025944,0.05847953216374269
1,0.59767747,0.4411764705882353
0,0.61561716,0.3274336283185841
1,0.82691514,0.7241379310344828
0,0.52700174,0.17307692307692307
1,0.35337484,0.17307692307692307
0,0.16090856,0.05847953216374269
1,0.74782705,0.6164383561643836
0,0.6396744,0.3274336283185841
0,0.22428046,0.05847953216374269
1,0.32933262,0.17307692307692307
1,0.75951934,0.6164383561643836
0,0.36573637,0.17307692307692307
0,0.52757466,0.2857142857142857
0,0.3850157,0.11616161616161616
0,0.21559475,0.05847953216374269
0,0.73950577,0.5
0,0.5216911,0.3274336283185841
0,0.28905034,0.11616161616161616
1,0.9062132,0.875
1,0.9014923,0.8421052631578947
1,0.84236425,0.8421052631578947
0,0.15436096,0.0
0,0.578853,0.17307692307692307
0,0.5250789,0.3076923076923077
1,0.66874874,0.3274336283185841
0,0.58909476,0.3274336283185841
1,0.88671666,0.7241379310344828
1,0.32863843,0.17307692307692307
0,0.27720526,0.05847953216374269
0,0.037116036,0.0
1,0.8058509,0.7241379310344828
0,0.104613386,0.05847953216374269
0,0.1545645,0.05847953216374269
0,0.39046392,0.11616161616161616
0,0.8370911,0.6164383561643836
0,0.41151538,0.11616161616161616
0,0.63071686,0.17307692307692307
0,0.3267587,0.11616161616161616
0,0.09734459,0.0
1,0.8347987,0.7241379310344828
1,0.78031164,0.7241379310344828
1,0.9309008,0.875
1,0.43480545,0.2857142857142857
0,0.5406629,0.17307692307692307
1,0.89017594,0.8421052631578947
0,0.49319798,0.3274336283185841
0,0.13916741,0.05847953216374269
0,0.042396672,0.0
0,0.19796589,0.05847953216374269
0,0.57524097,0.3274336283185841
0,0.56560814,0.3076923076923077
0,0.30192968,0.11616161616161616
0,0.43378267,0.05847953216374269
1,0.71520317,0.5
0,0.6326928,0.475
0,0.23475958,0.11616161616161616
1,0.44884062,0.17307692307692307
0,0.123934016,0.05847953216374269
1,0.85782254,0.7241379310344828
1,0.70220935,0.4411764705882353
0,0.7722262,0.4782608695652174
1,0.8847474,0.7241379310344828
0,0.5881735,0.4411764705882353
0,0.32608008,0.17307692307692307
0,0.518552,0.3076923076923077
1,0.17829296,0.05847953216374269
0,0.04938865,0.0
0,0.4251103,0.11616161616161616
1,0.8091827,0.6164383561643836
0,0.3012887,0.11616161616161616
0,0.29503292,0.11616161616161616
0,0.6207138,0.3274336283185841
1,0.5830827,0.4411764705882353
0,0.35934186,0.11616161616161616
0,0.33182552,0.05847953216374269
0,0.2456455,0.05847953216374269
0,0.1759417,0.05847953216374269
0,0.8367618,0.6164383561643836
0,0.5512854,0.17307692307692307
0,0.025223745,0.0
1,0.45697194,0.3274336283185841
0,0.22193591,0.11616161616161616
0,0.37312824,0.17307692307692307
0,0.22297437,0.05847953216374269
0,0.10892722,0.05847953216374269
0,0.37760702,0.17307692307692307
1,0.4904323,0.3274336283185841
0,0.2083192,0.0
0,0.1261215,0.05847953216374269
0,0.06870001,0.0
1,0.8974512,0.7241379310344828
1,0.7338971,0.6164383561643836
0,0.59306574,0.3274336283185841
0,0.2814986,0.11616161616161616
0,0.7942599,0.5
1,0.76715237,0.6164383561643836
0,0.06683011,0.0
0,0.17222513,0.05847953216374269
0,0.043084774,0.0
0,0.68195665,0.4411764705882353
1,0.55443656,0.4782608695652174
0,0.56199145,0.17307692307692307
0,0.5464106,0.17307692307692307
0,0.27709,0.11616161616161616
0,0.66384125,0.3274336283185841
0,0.5590204,0.3076923076923077
1,0.709242,0.6164383561643836
1,0.57519495,0.4411764705882353
0,0.21745789,0.05847953216374269
0,0.6951958,0.475
0,0.093334764,0.0
0,0.57787204,0.5
0,0.083189316,0.0
0,0.24083528,0.11616161616161616
1,0.55259526,0.475
0,0.21146426,0.05847953216374269
0,0.2278854,0.05847953216374269
1,0.7661825,0.7241379310344828
0,0.41521314,0.17307692307692307
0,0.7977853,0.11616161616161616
0,0.12416115,0.05847953216374269
0,0.30619034,0.11616161616161616
0,0.044257723,0.0
0,0.2962207,0.3274336283185841
0,0.08122517,0.0
0,0.18818785,0.05847953216374269
0,0.18516575,0.0
1,0.4282259,0.17307692307692307
0,0.37840614,0.11616161616161616
0,0.5031394,0.17307692307692307
1,0.6513981,0.3274336283185841
1,0.874089,0.8421052631578947
0,0.24160579,0.05847953216374269
0,0.4750746,0.17307692307692307
1,0.45203486,0.17307692307692307
0,0.27464402,0.11616161616161616
0,0.2400189,0.11616161616161616
0,0.2488193,0.05847953216374269
0,0.4247639,0.17307692307692307
1,0.8419162,0.8421052631578947
0,0.2534587,0.05847953216374269
0,0.11240732,0.05847953216374269
0,0.14256279,0.05847953216374269
0,0.19709992,0.05847953216374269
1,0.49732947,0.17307692307692307
0,0.24497598,0.11616161616161616
0,0.33260754,0.05847953216374269
1,0.7650114,0.6164383561643836
1,0.5322783,0.17307692307692307
1,0.81595916,0.7241379310344828
1,0.8724849,0.8421052631578947
0,0.23296894,0.05847953216374269
0,0.03259663,0.0
0,0.06356936,0.0
0,0.11357147,0.05847953216374269
0,0.05256122,0.0
0,0.18450275,0.05847953216374269
0,0.5110315,0.11616161616161616
0,0.55905855,0.3274336283185841
0,0.16553214,0.05847953216374269
0,0.17898628,0.0
0,0.8411523,0.7241379310344828
1,0.79396176,0.8404863191536381
1,0.8266004,0.6164383561643836
0,0.619036,0.17307692307692307
1,0.27480093,0.11616161616161616
0,0.101240635,0.0
1,0.85138357,0.6164383561643836
0,0.26180878,0.05847953216374269
0,0.04701918,0.0
1,0.57029295,0.4411764705882353
0,0.2868015,0.11616161616161616
1,0.7996548,0.7241379310344828
0,0.20691079,0.05847953216374269
1,0.6940071,0.6164383561643836
0,0.24717349,0.11616161616161616
0,0.8278141,0.11616161616161616
0,0.38155502,0.11616161616161616
0,0.337096,0.3076923076923077
1,0.69930923,0.475
1,0.21422775,0.3274336283185841
0,0.124948315,0.05847953216374269
1,0.5202292,0.475
0,0.40260834,0.3274336283185841
0,0.5153848,0.3274336283185841
0,0.40216333,0.17307692307692307
0,0.608075,0.17307692307692307
0,0.13786145,0.05847953216374269
0,0.30507717,0.11616161616161616
0,0.80562127,0.6164383561643836
0,0.4102975,0.17307692307692307
0,0.26821062,0.11616161616161616
0,0.17391013,0.05847953216374269
0,0.7332474,0.4411764705882353
0,0.5070926,0.4411764705882353
0,0.12368243,0.05847953216374269
1,0.6573997,0.6164383561643836
0,0.086574346,0.0
0,0.8589734,0.7241379310344828
0,0.1379904,0.0
0,0.15224475,0.0
0,0.39921594,0.17307692307692307
0,0.24484202,0.05847953216374269
0,0.043012984,0.0
0,0.4081399,0.11616161616161616
0,0.3817446,0.17307692307692307
1,0.45428482,0.17307692307692307
1,0.642616,0.4411764705882353
0,0.25833866,0.11616161616161616
1,0.77989155,0.6164383561643836
0,0.15429087,0.05847953216374269
0,0.14974198,0.05847953216374269
1,0.40455323,0.11616161616161616
1,0.73170114,0.7241379310344828
0,0.50523937,0.3274336283185841
0,0.100215554,0.0
1,0.72834754,0.6164383561643836
0,0.41432944,0.17307692307692307
1,0.674748,0.7241379310344828
0,0.7717327,0.475
0,0.2220012,0.05847953216374269
1,0.750924,0.6164383561643836
0,0.6806227,0.4411764705882353
0,0.18839,0.0
0,0.80765164,0.6164383561643836
0,0.18345775,0.05847953216374269
0,0.09478258,0.0
1,0.60053706,0.475
0,0.8379564,0.6164383561643836
1,0.2433322,0.11616161616161616
0,0.4735119,0.17307692307692307
0,0.058842007,0.0
1,0.6253849,0.4411764705882353
1,0.35719445,0.11616161616161616
1,0.8684225,0.8333333333333334
1,0.3245865,0.11616161616161616
0,0.627459,0.17307692307692307
0,0.76838297,0.6164383561643836
0,0.83045673,0.6164383561643836
0,0.3169365,0.11616161616161616
0,0.068493314,0.0
0,0.85167253,0.7241379310344828
0,0.2586347,0.11616161616161616
0,0.29244736,0.11616161616161616
1,0.816772,0.7241379310344828
0,0.3900008,0.11616161616161616
0,0.15814535,0.05847953216374269
0,0.5871819,0.3274336283185841
0,0.803197,0.6164383561643836
1,0.7571464,0.6164383561643836
0,0.16526236,0.05847953216374269
1,0.563725,0.4411764705882353
0,0.28279683,0.11616161616161616
1,0.23485391,0.11616161616161616
1,0.78417724,0.6164383561643836
0,0.18551245,0.05847953216374269
0,0.08542816,0.0
0,0.06563859,0.0
0,0.18609962,0.05847953216374269
0,0.059186094,0.0
0,0.32581753,0.11616161616161616
0,0.32352465,0.11616161616161616
0,0.34012523,0.11663405575513884
1,0.67410624,0.4411764705882353
0,0.1425294,0.05847953216374269
0,0.29691347,0.11616161616161616
0,0.28526154,0.05847953216374269
0,0.62912583,0.3274336283185841
0,0.7744716,0.3274336283185841
0,0.17547272,0.05847953216374269
0,0.85058665,0.6164383561643836
0,0.09387222,0.0
0,0.5961874,0.3274336283185841
0,0.08144524,0.0
1,0.7452164,0.4782608695652174
1,0.5340262,0.4411764705882353
1,0.41602805,0.17307692307692307
0,0.28784838,0.11616161616161616
0,0.30204567,0.11616161616161616
1,0.5634272,0.475
0,0.32601237,0.11616161616161616
1,0.3756788,0.17307692307692307
0,0.5926745,0.17307692307692307
0,0.5369668,0.17307692307692307
0,0.4235938,0.11616161616161616
0,0.04459441,0.0
1,0.8276859,0.7241379310344828
0,0.18915741,0.05847953216374269
0,0.15216129,0.11616161616161616
0,0.22718458,0.05847953216374269
1,0.7713779,0.6164383561643836
1,0.39659014,0.17307692307692307
1,0.85099286,0.6164383561643836
0,0.3607939,0.17307692307692307
0,0.07739895,0.0
0,0.11474446,0.05847953216374269
0,0.710881,0.475
0,0.7506685,0.17307692307692307
0,0.39749295,0.17307692307692307
0,0.1818942,0.05847953216374269
0,0.20865388,0.05847953216374269
0,0.08362954,0.0
0,0.18293205,0.05847953216374269
0,0.05047452,0.0
0,0.23051542,0.0
0,0.22080834,0.0
0,0.73979396,0.6164383561643836
0,0.3341542,0.11616161616161616
0,0.65585613,0.4411764705882353
0,0.71908534,0.475
1,0.74535006,0.6164383561643836
0,0.41485065,0.17307692307692307
0,0.21126479,0.05847953216374269
0,0.04661849,0.0
0,0.04002835,0.0
0,0.25151044,0.11616161616161616
1,0.63968587,0.2857142857142857
0,0.13273738,0.05847953216374269
1,0.46368346,0.3274336283185841
1,0.6947735,0.4411764705882353
0,0.71520317,0.5
0,0.337096,0.3076923076923077
0,0.11366544,0.11616161616161616
0,0.29231706,0.11616161616161616
0,0.29396483,0.11616161616161616
0,0.24335799,0.05847953216374269
0,0.5798166,0.4411764705882353
0,0.41115025,0.11616161616161616
0,0.56530684,0.3274336283185841
0,0.35996148,0.11616161616161616
0,0.5454488,0.2857142857142857
1,0.7209872,0.475
0,0.23384093,0.0
1,0.5871868,0.4411764705882353
0,0.3113564,0.11616161616161616
0,0.1984657,0.0
1,0.8409439,0.7241379310344828
0,0.74207973,0.6164383561643836
0,0.27186406,0.11616161616161616
0,0.047063697,0.0
0,0.5241389,0.2402741277233774
0,0.32008633,0.11616161616161616
0,0.33033207,0.11616161616161616
0,0.34926072,0.11616161616161616
0,0.34179452,0.17307692307692307
0,0.19862194,0.0
0,0.829551,0.3274336283185841
0,0.2010902,0.05847953216374269
0,0.5105891,0.17307692307692307
1,0.3882192,0.11616161616161616
0,0.5798722,0.3274336283185841
0,0.5378175,0.3274336283185841
0,0.10054681,0.0
0,0.45630407,0.2857142857142857
0,0.34953198,0.11616161616161616
0,0.21918195,0.11616161616161616
0,0.7053069,0.4411764705882353
1,0.70640826,0.7241379310344828
0,0.3991426,0.11616161616161616
0,0.26092878,0.11616161616161616
0,0.06975889,0.0
0,0.13493755,0.05847953216374269
0,0.26354903,0.11616161616161616
0,0.4879507,0.3274336283185841
0,0.40581357,0.17307692307692307
0,0.51314616,0.3274336283185841
0,0.5056312,0.17307692307692307
0,0.08606194,0.0
0,0.75897825,0.488217227485776
0,0.32194942,0.11616161616161616
0,0.7471614,0.6164383561643836
0,0.105073966,0.0
0,0.39413258,0.3274336283185841
0,0.5904441,0.3274336283185841
0,0.8768277,0.7241379310344828
0,0.56162465,0.3274336283185841
0,0.037648782,0.0
1,0.220368,0.17307692307692307
0,0.3389323,0.17307692307692307
0,0.75298667,0.4411764705882353
0,0.7779212,0.475
0,0.23230967,0.05847953216374269
0,0.3417577,0.17307692307692307
0,0.812059,0.6164383561643836
1,0.8761398,0.7241379310344828
1,0.41326764,0.3274336283185841
0,0.26872978,0.11616161616161616
1,0.79124117,0.5
0,0.10896408,0.05847953216374269
0,0.3859949,0.11616161616161616
1,0.23673135,0.11616161616161616
0,0.78853893,0.475
1,0.81333184,0.7241379310344828
1,0.39541027,0.17307692307692307
0,0.13296646,0.0
0,0.4299017,0.11616161616161616
0,0.842269,0.6164383561643836
0,0.2807535,0.11616161616161616
0,0.71253824,0.475
0,0.40260834,0.3274336283185841
1,0.7655191,0.7241379310344828
0,0.27295122,0.11616161616161616
0,0.54057944,0.3076923076923077
0,0.1277619,0.0
0,0.2737836,0.05847953216374269
0,0.108142205,0.0
1,0.6479732,0.3274336283185841
0,0.22188736,0.05847953216374269
0,0.21720119,0.05847953216374269
0,0.28505448,0.11616161616161616
0,0.047063697,0.0
0,0.3155616,0.11616161616161616
0,0.2065933,0.05847953216374269
1,0.4426852,0.3274336283185841
0,0.5435585,0.17307692307692307
0,0.33535048,0.11616161616161616
0,0.22642551,0.05847953216374269
0,0.77233297,0.6164383561643836
0,0.57155085,0.3274336283185841
0,0.4389151,0.2857142857142857
1,0.7544588,0.8421052631578947
0,0.21129382,0.05847953216374269
1,0.743611,0.8421052631578947
0,0.30217516,0.11616161616161616
0,0.46888548,0.17307692307692307
0,0.24160579,0.05847953216374269
0,0.35516676,0.11616161616161616
0,0.10979606,0.05847953216374269
1,0.6967869,0.4782608695652174
0,0.6564716,0.2857142857142857
0,0.69206166,0.3274336283185841
1,0.85167253,0.7241379310344828
0,0.5067525,0.3274336283185841
0,0.38910416,0.11616161616161616
0,0.7639552,0.6164383561643836
0,0.25902677,0.05847953216374269
1,0.4700173,0.3274336283185841
0,0.8553832,0.7241379310344828
0,0.24653372,0.11616161616161616
1,0.4530434,0.3274336283185841
0,0.5362245,0.3076923076923077
1,0.9325459,0.875
0,0.17590664,0.05847953216374269
0,0.15480782,0.05847953216374269
0,0.63433695,0.4411764705882353
0,0.36493322,0.17307692307692307
0,0.056200854,0.0
0,0.11807433,0.05847953216374269
0,0.4446927,0.17307692307692307
0,0.24799867,0.05847953216374269
0,0.23948927,0.05847953216374269
0,0.51805437,0.17307692307692307
1,0.5842752,0.48016118631802296
1,0.4042524,0.17307692307692307
0,0.09970255,0.0
0,0.2691831,0.11616161616161616
0,0.85079354,0.6164383561643836
1,0.47290605,0.17307692307692307
0,0.0193603,0.0
0,0.4627134,0.20233204300308452
0,0.22965619,0.05847953216374269
1,0.5224557,0.3274336283185841
0,0.22967562,0.0
0,0.61819834,0.3274336283185841
0,0.45041332,0.3274336283185841
1,0.79614544,0.6164383561643836
0,0.20703562,0.05847953216374269
1,0.8047528,0.6164383561643836
0,0.13640569,0.05847953216374269
0,0.76717883,0.7241379310344828
0,0.71702635,0.3274336283185841
0,0.60326636,0.3274336283185841
0,0.1937583,0.05847953216374269
0,0.82818735,0.6164383561643836
0,0.10910217,0.05847953216374269
0,0.11852089,0.05847953216374269
0,0.7807548,0.3274336283185841
0,0.20635426,0.05847953216374269
0,0.22895327,0.05847953216374269
1,0.29504493,0.17307692307692307
0,0.23427528,0.11616161616161616
0,0.41746464,0.05847953216374269
0,0.19676892,0.05847953216374269
0,0.20469701,0.05847953216374269
0,0.32816774,0.05847953216374269
0,0.4278249,0.11616161616161616
0,0.3581378,0.17307692307692307
0,0.13771248,0.05847953216374269
1,0.7288997,0.4411764705882353
0,0.17577372,0.05847953216374269
0,0.23144953,0.0
1,0.1839476,0.3274336283185841
0,0.10298801,0.0
0,0.67877614,0.4411764705882353
0,0.118188456,0.0
0,0.46485367,0.3274336283185841
1,0.47654974,0.17307692307692307
0,0.23485391,0.11616161616161616
0,0.10558182,0.05847953216374269
0,0.8608073,0.6164383561643836
0,0.47064835,0.3274336283185841
1,0.72071874,0.4782608695652174
0,0.20509094,0.05847953216374269
1,0.51900905,0.3274336283185841
0,0.69944155,0.4411764705882353
0,0.04661849,0.0
0,0.83403134,0.4782608695652174
0,0.22284663,0.05847953216374269
1,0.9449341,0.875
1,0.75280946,0.8421052631578947
1,0.44456053,0.17307692307692307
0,0.68409956,0.475
0,0.05949349,0.0
0,0.065185346,0.0
1,0.53443223,0.3274336283185841
0,0.088569365,0.0
0,0.17433259,0.05847953216374269
1,0.8485647,0.6164383561643836
0,0.38381127,0.17307692307692307
0,0.2601911,0.11616161616161616
1,0.706491,0.4782608695652174
1,0.49542117,0.17307692307692307
0,0.87334424,0.8421052631578947
0,0.38651702,0.17307692307692307
0,0.2956946,0.11616161616161616
0,0.43056935,0.17307692307692307
0,0.07725868,0.0
1,0.8034909,0.7241379310344828
0,0.3670349,0.17307692307692307
1,0.8002715,0.6164383561643836
0,0.83817446,0.6164383561643836
0,0.536188,0.17307692307692307
0,0.6208308,0.3274336283185841
1,0.87122154,0.8421052631578947
1,0.67831457,0.7241379310344828
0,0.037444863,0.0
0,0.22218783,0.05847953216374269
0,0.030044978,0.0
0,0.052464895,0.0
0,0.53466797,0.3274336283185841
0,0.55411935,0.3274336283185841
1,0.787379,0.6164383561643836
0,0.27483082,0.11616161616161616
0,0.120284125,0.05847953216374269
0,0.45322916,0.3274336283185841
0,0.1270544,0.05847953216374269
1,0.75518066,0.6164383561643836
0,0.7323613,0.7241379310344828
0,0.07580408,0.0
0,0.6020519,0.17307692307692307
0,0.42471823,0.11616161616161616
0,0.21930842,0.05847953216374269
0,0.6200105,0.3274336283185841
0,0.13799904,0.05847953216374269
0,0.65127605,0.3076923076923077
0,0.085276715,0.0
0,0.20232922,0.05847953216374269
1,0.9016325,0.7241379310344828
0,0.092351794,0.0
1,0.6200699,0.3274336283185841
1,0.16111812,0.3076923076923077
0,0.11405438,0.05847953216374269
0,0.2331411,0.11616161616161616
1,0.24119827,0.11616161616161616
0,0.13122812,0.0
1,0.2941949,0.17307692307692307
1,0.6179749,0.475
1,0.7181597,0.5
0,0.20517933,0.05847953216374269
1,0.742525,0.7241379310344828
0,0.14096193,0.05847953216374269
0,0.77652127,0.475
0,0.3052061,0.11616161616161616
1,0.8400299,0.7241379310344828
0,0.13235123,0.05847953216374269
0,0.14152299,0.05847953216374269
0,0.81644446,0.6164383561643836
0,0.20511575,0.05847953216374269
1,0.8878019,0.8421052631578947
0,0.04290199,0.0
0,0.30397868,0.11616161616161616
0,0.6891606,0.4411764705882353
0,0.6723568,0.4411764705882353
1,0.8539881,0.7241379310344828
1,0.5789875,0.2857142857142857
0,0.210616,0.05847953216374269
1,0.41726446,0.4411764705882353
0,0.09629978,0.0
0,0.19096626,0.11616161616161616
1,0.8197656,0.7241379310344828
0,0.26922384,0.11616161616161616
0,0.22958139,0.05847953216374269
0,0.056466848,0.0
0,0.63571,0.3274336283185841
0,0.6360377,0.17307692307692307
0,0.47485572,0.3274336283185841
0,0.09131944,0.0
0,0.24511997,0.11616161616161616
0,0.3698734,0.3076923076923077
0,0.23902035,0.11616161616161616
0,0.12935798,0.0
0,0.2481821,0.11616161616161616
1,0.4738589,0.3274336283185841
0,0.44235563,0.11616161616161616
0,0.5514076,0.4411764705882353
0,0.32158977,0.11616161616161616
0,0.23677713,0.11616161616161616
0,0.24648967,0.05847953216374269
1,0.3773193,0.11616161616161616
0,0.2433468,0.11616161616161616
1,0.7584433,0.6164383561643836
0,0.075272225,0.0
0,0.031244604,0.0
0,0.55841494,0.4411764705882353
1,0.33354664,0.11616161616161616
1,0.8265443,0.7241379310344828
0,0.065861225,0.0
0,0.046865363,0.0
0,0.6362717,0.3274336283185841
1,0.8033807,0.7241379310344828
0,0.07952435,0.0
1,0.89065313,0.875
1,0.6593572,0.4782608695652174
0,0.337096,0.3076923076923077
1,0.37979236,0.3274336283185841
1,0.8603767,0.8421052631578947
1,0.5295261,0.2857142857142857
0,0.5258267,0.3274336283185841
0,0.1614573,0.05847953216374269
0,0.23712723,0.11616161616161616
0,0.08068802,0.0
0,0.6444826,0.4411764705882353
0,0.103657365,0.05847953216374269
0,0.7750209,0.4411764705882353
0,0.27972645,0.11616161616161616
1,0.93207186,0.875
0,0.47752833,0.17307692307692307
0,0.32376742,0.11616161616161616
0,0.3798492,0.11616161616161616
0,0.079251446,0.0
0,0.24258606,0.05847953216374269
0,0.11315516,0.05847953216374269
1,0.8375491,0.7241379310344828
0,0.4432349,0.17307692307692307
0,0.15639861,0.0
0,0.07757981,0.05847953216374269
0,0.61296964,0.3274336283185841
0,0.21381386,0.05847953216374269
1,0.7800449,0.8421052631578947
0,0.19013469,0.05847953216374269
1,0.55443656,0.4782608695652174
0,0.436522,0.17307692307692307
0,0.59273833,0.4411764705882353
0,0.54016227,0.3274336283185841
0,0.2009914,0.05847953216374269
1,0.29614937,0.17307692307692307
1,0.61774504,0.3274336283185841
0,0.18298015,0.05847953216374269
0,0.17151143,0.05847953216374269
0,0.10891466,0.0
0,0.17411083,0.05847953216374269
0,0.01754752,0.0
0,0.04374551,0.0
0,0.1417446,0.0
1,0.33444837,0.11616161616161616
0,0.21000817,0.05847953216374269
0,0.17945914,0.05847953216374269
0,0.11005607,0.05847953216374269
0,0.6573347,0.17307692307692307
1,0.30679744,0.11616161616161616
0,0.28890824,0.11616161616161616
0,0.26525423,0.11616161616161616
1,0.8348398,0.6164383561643836
0,0.61211085,0.3274336283185841
1,0.7254683,0.7241379310344828
0,0.34263077,0.11616161616161616
1,0.2145547,0.11616161616161616
1,0.23422472,0.3274336283185841
0,0.35180113,0.11616161616161616
1,0.9032441,0.875
0,0.4555313,0.475
0,0.52804065,0.3274336283185841
0,0.16329467,0.05847953216374269
0,0.14245401,0.0
1,0.63806,0.4411764705882353
0,0.25930038,0.05847953216374269
0,0.08687029,0.0
0,0.23027553,0.05847953216374269
1,0.15642637,0.17307692307692307
0,0.22987907,0.05847953216374269
0,0.6634224,0.4411764705882353
0,0.34597504,0.05847953216374269
1,0.337096,0.3076923076923077
1,0.36661422,0.3274336283185841
0,0.25395802,0.05847953216374269
0,0.20134953,0.05847953216374269
0,0.2228726,0.05847953216374269
0,0.08431846,0.0
1,0.679983,0.475
1,0.7077986,0.475
0,0.6874169,0.6164383561643836
0,0.25947765,0.11616161616161616
0,0.29905915,0.17307692307692307
1,0.58823717,0.4411764705882353
0,0.034033887,0.0
0,0.08421359,0.0
0,0.10321313,0.0
0,0.39541027,0.17307692307692307
0,0.7401444,0.3274336283185841
1,0.8973004,0.7473473996059069
1,0.93239605,0.875
0,0.19476756,0.05847953216374269
1,0.6864906,0.4782608695652174
0,0.21436542,0.11616161616161616
0,0.1132251,0.05847953216374269
1,0.108793415,0.4411764705882353
0,0.49619892,0.17307692307692307
1,0.8515213,0.6164383561643836
0,0.2671942,0.11616161616161616
0,0.23673658,0.05847953216374269
0,0.3096569,0.11616161616161616
0,0.06989273,0.0
0,0.7965937,0.6164383561643836
0,0.044943314,0.0
0,0.21967937,0.05847953216374269
1,0.8081937,0.7241379310344828
0,0.6725811,0.475
1,0.6201222,0.4411764705882353
0,0.38732833,0.11616161616161616
0,0.05466651,0.0
0,0.14109175,0.05847953216374269
0,0.36105332,0.17307692307692307
0,0.48518807,0.17307692307692307
1,0.90712696,0.875
0,0.79338,0.6164383561643836
0,0.15229012,0.05847953216374269
0,0.42279953,0.17307692307692307
1,0.7871127,0.7241379310344828
1,0.4967795,0.4782608695652174
0,0.12147898,0.05847953216374269
0,0.13199142,0.0
0,0.11341714,0.05847953216374269
0,0.22631223,0.05847953216374269
0,0.21073306,0.05847953216374269
0,0.10342443,0.05847953216374269
0,0.41594318,0.17307692307692307
0,0.4518433,0.17307692307692307
0,0.5194391,0.17307692307692307
1,0.8860178,0.8421052631578947
0,0.16280557,0.0
0,0.52093124,0.17307692307692307
0,0.69427884,0.4411764705882353
0,0.2856095,0.11616161616161616
0,0.037376218,0.0
0,0.042151626,0.0
0,0.47563463,0.17307692307692307
1,0.8015293,0.7241379310344828
0,0.20708145,0.0
0,0.27915984,0.11616161616161616
0,0.23853768,0.05847953216374269
0,0.63124347,0.475
0,0.3500013,0.17307692307692307
0,0.3707362,0.17307692307692307
1,0.54436266,0.4411764705882353
0,0.7358913,0.3274336283185841
1,0.6508834,0.4411764705882353
0,0.5366503,0.17307692307692307
1,0.45289204,0.475
0,0.47593606,0.3274336283185841
0,0.061828833,0.0
0,0.667102,0.4411764705882353
1,0.26462775,0.17307692307692307
0,0.6943111,0.4780684045887359
0,0.31733623,0.17307692307692307
0,0.3633799,0.11616161616161616
0,0.62329966,0.4782608695652174
0,0.0406373,0.0
0,0.6063438,0.3274336283185841
0,0.13052613,0.05847953216374269
0,0.06146249,0.0
0,0.47011775,0.3274336283185841
0,0.07388724,0.0
0,0.71709454,0.4411764705882353
0,0.36887544,0.17307692307692307
1,0.77598166,0.6164383561643836
0,0.5334155,0.3274336283185841
0,0.18372793,0.05847953216374269
1,0.79514825,0.6164383561643836
0,0.787541,0.475
0,0.4403759,0.11616161616161616
0,0.037514362,0.0
1,0.869516,0.8421052631578947
0,0.5479778,0.17307692307692307
0,0.23783249,0.05847953216374269
1,0.84177995,0.6164383561643836
1,0.91080177,0.875
0,0.099213235,0.05847953216374269
0,0.11065277,0.05847953216374269
0,0.18466902,0.05847953216374269
0,0.11221862,0.0
0,0.05139491,0.0
0,0.42796424,0.17307692307692307
1,0.50622475,0.3274336283185841
1,0.09199218,0.17307692307692307
0,0.14293313,0.05847953216374269
0,0.14219026,0.05847953216374269
